ISO-10303-21;
HEADER;
FILE_DESCRIPTION (( 'STEP AP214' ),
    '1' );
FILE_NAME ('SR48.step',
    '2021-03-11T09:13:31',
    ( '' ),
    ( '' ),
    'SwSTEP 2.0',
    'SolidWorks 2019',
    '' );
FILE_SCHEMA (( 'AUTOMOTIVE_DESIGN' ));
ENDSEC;

DATA;
#1 = EDGE_LOOP ( 'NONE', ( #1913, #223, #1615 ) ) ;
#2 = CARTESIAN_POINT ( 'NONE',  ( 21.83395974271210349, 0.000000000000000000, -2.413000000000470102 ) ) ;
#3 = CARTESIAN_POINT ( 'NONE',  ( 22.95895618282929718, -2.168404344971008868E-16, -3.339342691255353657E-14 ) ) ;
#4 = DIRECTION ( 'NONE',  ( 0.000000000000000000, 0.8660254037844381525, -0.5000000000000009992 ) ) ;
#5 = AXIS2_PLACEMENT_3D ( 'NONE', #661, #1438, #367 ) ;
#6 = CARTESIAN_POINT ( 'NONE',  ( 12.55194716590024484, -7.101408311031446985, 1.389993475731024830 ) ) ;
#7 = CIRCLE ( 'NONE', #1693, 3.275000000001000000 ) ;
#8 = DIRECTION ( 'NONE',  ( 0.000000000000000000, 0.000000000000000000, -1.000000000000000000 ) ) ;
#9 = EDGE_LOOP ( 'NONE', ( #529, #197, #1162, #733 ) ) ;
#10 = AXIS2_PLACEMENT_3D ( 'NONE', #1918, #1614, #393 ) ;
#11 = EDGE_LOOP ( 'NONE', ( #632, #479, #678, #1471 ) ) ;
#12 = CARTESIAN_POINT ( 'NONE',  ( 17.84395618282909979, 7.101408311031449649, 0.8321658488595985448 ) ) ;
#13 = CARTESIAN_POINT ( 'NONE',  ( 3.721687836487932444, -7.101408311031451426, 4.099999999999449862 ) ) ;
#14 = CARTESIAN_POINT ( 'NONE',  ( 14.94395618282899996, 0.000000000000000000, 0.000000000000000000 ) ) ;
#15 = FACE_BOUND ( 'NONE', #1983, .T. ) ;
#16 = PLANE ( 'NONE',  #457 ) ;
#17 = ORIENTED_EDGE ( 'NONE', *, *, #1234, .T. ) ;
#18 = EDGE_CURVE ( 'NONE', #943, #1624, #49, .T. ) ;
#19 = ORIENTED_EDGE ( 'NONE', *, *, #84, .F. ) ;
#20 = ADVANCED_FACE ( 'NONE', ( #792 ), #1177, .T. ) ;
#21 = CARTESIAN_POINT ( 'NONE',  ( 3.148507566890475839, -4.757497809436043390, -5.453257359051959519 ) ) ;
#22 = ADVANCED_FACE ( 'NONE', ( #326 ), #475, .T. ) ;
#23 = CARTESIAN_POINT ( 'NONE',  ( 3.087862343602681303, 2.940169276975278745, -6.502492476474164285 ) ) ;
#24 = DIRECTION ( 'NONE',  ( -1.000000000000000000, 0.000000000000000000, -0.000000000000000000 ) ) ;
#25 = CARTESIAN_POINT ( 'NONE',  ( 17.84395618282909979, -7.101408311031450538, -0.8321658488595906622 ) ) ;
#26 = CARTESIAN_POINT ( 'NONE',  ( 12.69999999999980034, -6.949999999999821654, 7.088999999999818336 ) ) ;
#27 = ORIENTED_EDGE ( 'NONE', *, *, #1647, .T. ) ;
#28 = ORIENTED_EDGE ( 'NONE', *, *, #390, .T. ) ;
#29 = ADVANCED_FACE ( 'NONE', ( #803 ), #1750, .T. ) ;
#30 = LINE ( 'NONE', #338, #205 ) ;
#31 = CARTESIAN_POINT ( 'NONE',  ( 3.148507566890469622, 2.343910501595407148, -6.846742640946409608 ) ) ;
#32 = DIRECTION ( 'NONE',  ( 1.000000000000000000, -1.146924612215875046E-15, 0.000000000000000000 ) ) ;
#33 = CARTESIAN_POINT ( 'NONE',  ( 12.33111664277186925, -7.101408311031450538, 2.755204958897890855 ) ) ;
#34 = CIRCLE ( 'NONE', #307, 6.350000000000360245 ) ;
#35 = CARTESIAN_POINT ( 'NONE',  ( 17.84395618282909979, 7.101408311031449649, 0.8321658488595985448 ) ) ;
#36 = ORIENTED_EDGE ( 'NONE', *, *, #174, .F. ) ;
#37 = COLOUR_RGB ( '',0.7490196078431372584, 0.7490196078431372584, 0.7490196078431372584 ) ;
#38 = CIRCLE ( 'NONE', #1377, 6.949999999998909495 ) ;
#39 = ORIENTED_EDGE ( 'NONE', *, *, #1017, .F. ) ;
#40 = AXIS2_PLACEMENT_3D ( 'NONE', #760, #1998, #609 ) ;
#41 = CARTESIAN_POINT ( 'NONE',  ( 17.84395618282909979, 0.000000000000000000, 0.000000000000000000 ) ) ;
#42 = CARTESIAN_POINT ( 'NONE',  ( 3.528433506584029988, 0.5797629897117360098, -7.865273681822658070 ) ) ;
#43 = CARTESIAN_POINT ( 'NONE',  ( 11.97831216351370109, -7.101408311031450538, -4.099999999999455191 ) ) ;
#44 = ORIENTED_EDGE ( 'NONE', *, *, #75, .T. ) ;
#45 = CARTESIAN_POINT ( 'NONE',  ( 3.721687836487940437, 9.741097715817777468E-16, -8.199999999998912159 ) ) ;
#46 = CARTESIAN_POINT ( 'NONE',  ( -2.775557561562890365E-16, 4.500576986865628437E-16, -3.674999999999270184 ) ) ;
#47 = EDGE_CURVE ( 'NONE', #376, #108, #421, .T. ) ;
#48 = ORIENTED_EDGE ( 'NONE', *, *, #150, .F. ) ;
#49 = B_SPLINE_CURVE_WITH_KNOTS ( 'NONE', 3,
 ( #979, #811, #339, #1574 ),
 .UNSPECIFIED., .F., .F.,
 ( 4, 4 ),
 ( 2.649439470623943391E-18, 0.003323588428093230719 ),
 .UNSPECIFIED. ) ;
#50 = CARTESIAN_POINT ( 'NONE',  ( 18.45017396547719812, 7.101408311031449649, -4.099999999999449862 ) ) ;
#51 = ORIENTED_EDGE ( 'NONE', *, *, #56, .T. ) ;
#52 = FACE_OUTER_BOUND ( 'NONE', #876, .T. ) ;
#53 = VERTEX_POINT ( 'NONE', #1421 ) ;
#54 = CARTESIAN_POINT ( 'NONE',  ( 18.45017396547719812, 7.101408311031449649, -4.099999999999449862 ) ) ;
#55 = CARTESIAN_POINT ( 'NONE',  ( 37.65895618282910817, 1.606143566392128726E-15, -6.032611434726270261 ) ) ;
#56 = EDGE_CURVE ( 'NONE', #1451, #1039, #1724, .T. ) ;
#57 = DIRECTION ( 'NONE',  ( 0.000000000000000000, 0.000000000000000000, -1.000000000000000000 ) ) ;
#58 = EDGE_CURVE ( 'NONE', #533, #1051, #76, .T. ) ;
#59 = CARTESIAN_POINT ( 'NONE',  ( 12.61280398261219204, 3.255617899350135236, 6.320368129430544712 ) ) ;
#60 = AXIS2_PLACEMENT_3D ( 'NONE', #335, #158, #8 ) ;
#61 = ORIENTED_EDGE ( 'NONE', *, *, #1252, .T. ) ;
#62 = CARTESIAN_POINT ( 'NONE',  ( 3.087196017389088443, -3.845790411681306420, 5.979631870567825302 ) ) ;
#63 = ORIENTED_EDGE ( 'NONE', *, *, #240, .F. ) ;
#64 = FACE_OUTER_BOUND ( 'NONE', #1605, .T. ) ;
#65 = CARTESIAN_POINT ( 'NONE',  ( 12.69999999999980034, 0.000000000000000000, 6.949999999999810107 ) ) ;
#66 = CARTESIAN_POINT ( 'NONE',  ( 12.33084293945863763, 1.163752626476311836, -7.528107107832680889 ) ) ;
#67 = DIRECTION ( 'NONE',  ( 1.000000000000000000, -0.000000000000000000, 0.000000000000000000 ) ) ;
#68 = CIRCLE ( 'NONE', #1501, 4.650000000000549250 ) ;
#69 = VERTEX_POINT ( 'NONE', #823 ) ;
#70 = AXIS2_PLACEMENT_3D ( 'NONE', #644, #1560, #626 ) ;
#71 = DIRECTION ( 'NONE',  ( 0.000000000000000000, 0.000000000000000000, 1.000000000000000000 ) ) ;
#72 = ORIENTED_EDGE ( 'NONE', *, *, #776, .T. ) ;
#73 = ORIENTED_EDGE ( 'NONE', *, *, #1609, .T. ) ;
#74 = DIRECTION ( 'NONE',  ( 0.000000000000000000, 0.000000000000000000, 1.000000000000000000 ) ) ;
#75 = EDGE_CURVE ( 'NONE', #808, #365, #272, .T. ) ;
#76 = B_SPLINE_CURVE_WITH_KNOTS ( 'NONE', 3,
 ( #633, #42, #1566, #31, #23, #968, #1271, #369, #1264, #939, #1586, #214 ),
 .UNSPECIFIED., .F., .F.,
 ( 4, 2, 2, 2, 2, 4 ),
 ( 4.499875388457848709E-19, 0.002070384954541257434, 0.004140769909082514869, 0.005175962386353144019, 0.006211154863623771435, 0.008281539818165031472 ),
 .UNSPECIFIED. ) ;
#77 = AXIS2_PLACEMENT_3D ( 'NONE', #2007, #1532, #1684 ) ;
#78 = DIRECTION ( 'NONE',  ( 1.000000000000000000, -7.381802025432073508E-16, -7.381802025432073508E-16 ) ) ;
#79 = B_SPLINE_CURVE_WITH_KNOTS ( 'NONE', 3,
 ( #1524, #1065, #610, #729 ),
 .UNSPECIFIED., .F., .F.,
 ( 4, 4 ),
 ( 0.000000000000000000, 0.003323588428093208601 ),
 .UNSPECIFIED. ) ;
#80 = CARTESIAN_POINT ( 'NONE',  ( 12.49724014902168712, 5.046998875482016977, -5.286113840639623085 ) ) ;
#81 = DIRECTION ( 'NONE',  ( -3.122111992759354193E-16, -1.000000000000000000, -1.717161596017647912E-15 ) ) ;
#82 = ORIENTED_EDGE ( 'NONE', *, *, #1042, .T. ) ;
#83 = VERTEX_POINT ( 'NONE', #13 ) ;
#84 = EDGE_CURVE ( 'NONE', #508, #1747, #772, .T. ) ;
#85 = CARTESIAN_POINT ( 'NONE',  ( 17.84395618282909979, 0.000000000000000000, 0.000000000000000000 ) ) ;
#86 = VERTEX_POINT ( 'NONE', #1429 ) ;
#87 = ORIENTED_EDGE ( 'NONE', *, *, #629, .T. ) ;
#88 = LINE ( 'NONE', #1946, #1535 ) ;
#89 = EDGE_CURVE ( 'NONE', #897, #1449, #1917, .T. ) ;
#90 = CARTESIAN_POINT ( 'NONE',  ( 15.54395618282929981, 4.336808689942017736E-16, 4.336808689942017736E-16 ) ) ;
#91 = CARTESIAN_POINT ( 'NONE',  ( 3.721687836487920897, 7.101408311031450538, 4.099999999999455191 ) ) ;
#92 = PLANE ( 'NONE',  #212 ) ;
#93 = ORIENTED_EDGE ( 'NONE', *, *, #629, .F. ) ;
#94 = CARTESIAN_POINT ( 'NONE',  ( 12.69999999999980034, 9.281291929037215616E-16, -6.949999999999810107 ) ) ;
#95 = AXIS2_PLACEMENT_3D ( 'NONE', #1062, #100, #1708 ) ;
#96 = ORIENTED_EDGE ( 'NONE', *, *, #1613, .F. ) ;
#97 = ORIENTED_EDGE ( 'NONE', *, *, #1292, .T. ) ;
#98 = CARTESIAN_POINT ( 'NONE',  ( 17.84395618282909979, 4.271380920789955127, -5.733917075569396005 ) ) ;
#99 = DIRECTION ( 'NONE',  ( -1.000000000000000000, -0.000000000000000000, -0.000000000000000000 ) ) ;
#100 = DIRECTION ( 'NONE',  ( 1.000000000000000000, -0.000000000000000000, 0.000000000000000000 ) ) ;
#101 = DIRECTION ( 'NONE',  ( 0.000000000000000000, 0.5000000000000009992, 0.8660254037844381525 ) ) ;
#102 = EDGE_CURVE ( 'NONE', #86, #1558, #1089, .T. ) ;
#103 = AXIS2_PLACEMENT_3D ( 'NONE', #790, #1565, #317 ) ;
#104 = B_SPLINE_CURVE_WITH_KNOTS ( 'NONE', 3,
 ( #136, #1046, #761, #1676 ),
 .UNSPECIFIED., .F., .F.,
 ( 4, 4 ),
 ( 0.000000000000000000, 0.003323588428093085002 ),
 .UNSPECIFIED. ) ;
#105 = DIRECTION ( 'NONE',  ( 0.000000000000000000, 0.000000000000000000, 1.000000000000000000 ) ) ;
#106 = VECTOR ( 'NONE', #1801, 1000.000000000000000 ) ;
#107 = VERTEX_POINT ( 'NONE', #1719 ) ;
#108 = VERTEX_POINT ( 'NONE', #490 ) ;
#109 = AXIS2_PLACEMENT_3D ( 'NONE', #1651, #1968, #755 ) ;
#110 = DIRECTION ( 'NONE',  ( 0.000000000000000000, -1.000000000000000000, 0.000000000000000000 ) ) ;
#111 = DIRECTION ( 'NONE',  ( -1.000000000000000000, -0.000000000000000000, -0.000000000000000000 ) ) ;
#112 = AXIS2_PLACEMENT_3D ( 'NONE', #1301, #370, #693 ) ;
#113 = FACE_BOUND ( 'NONE', #1175, .T. ) ;
#114 = VECTOR ( 'NONE', #1807, 1000.000000000000000 ) ;
#115 = EDGE_CURVE ( 'NONE', #1820, #768, #1211, .T. ) ;
#116 = EDGE_CURVE ( 'NONE', #1217, #669, #1584, .T. ) ;
#117 = CARTESIAN_POINT ( 'NONE',  ( 18.14143851767092741, -6.175201967611730680, -4.634745481697974512 ) ) ;
#118 = B_SPLINE_CURVE_WITH_KNOTS ( 'NONE', 3,
 ( #1487, #227, #1016, #1603, #1304, #59, #1296, #220, #1183, #255, #1326, #1478 ),
 .UNSPECIFIED., .F., .F.,
 ( 4, 2, 2, 2, 2, 4 ),
 ( 0.000000000000000000, 0.002070384954541239220, 0.004140769909082478439, 0.005175962386353098049, 0.006211154863623717659, 0.008281539818164956879 ),
 .UNSPECIFIED. ) ;
#119 = CARTESIAN_POINT ( 'NONE',  ( 15.54395618282929981, 0.000000000000000000, -2.412999999999559275 ) ) ;
#120 = ORIENTED_EDGE ( 'NONE', *, *, #1700, .T. ) ;
#121 = VERTEX_POINT ( 'NONE', #1699 ) ;
#122 = DIRECTION ( 'NONE',  ( -1.000000000000000000, 0.000000000000000000, -0.000000000000000000 ) ) ;
#123 = CARTESIAN_POINT ( 'NONE',  ( 12.17156649341750629, -6.521645321319703648, -4.434726318175720827 ) ) ;
#124 = DIRECTION ( 'NONE',  ( 1.000000000000000000, 0.000000000000000000, 0.000000000000000000 ) ) ;
#125 = EDGE_CURVE ( 'NONE', #1857, #1782, #1816, .T. ) ;
#126 = CARTESIAN_POINT ( 'NONE',  ( 12.69999999999980034, 8.511295254073873691E-16, -6.949999999999810996 ) ) ;
#127 = CARTESIAN_POINT ( 'NONE',  ( 17.84395618282909979, -4.271380920789959568, -5.733917075569395116 ) ) ;
#128 = EDGE_CURVE ( 'NONE', #877, #489, #274, .T. ) ;
#129 = ORIENTED_EDGE ( 'NONE', *, *, #956, .T. ) ;
#130 = ORIENTED_EDGE ( 'NONE', *, *, #1975, .F. ) ;
#131 = CARTESIAN_POINT ( 'NONE',  ( 11.97831216351370287, 7.101408311031448761, 4.099999999999449862 ) ) ;
#132 = CARTESIAN_POINT ( 'NONE',  ( 12.59797865587777110, -2.952322671400470888, -6.495475710931214230 ) ) ;
#133 = AXIS2_PLACEMENT_3D ( 'NONE', #1335, #1222, #1995 ) ;
#134 = DIRECTION ( 'NONE',  ( 0.000000000000000000, 0.000000000000000000, -1.000000000000000000 ) ) ;
#135 = DIRECTION ( 'NONE',  ( 0.000000000000000000, 0.8660254037844390407, -0.4999999999999991118 ) ) ;
#136 = CARTESIAN_POINT ( 'NONE',  ( 22.35273840018159675, -7.101408311031448761, 4.099999999999449862 ) ) ;
#137 = EDGE_LOOP ( 'NONE', ( #1244, #1966, #1108, #905 ) ) ;
#138 = CARTESIAN_POINT ( 'NONE',  ( 12.49724014902169067, 7.101408311031451426, 1.727772318719105860 ) ) ;
#139 = AXIS2_PLACEMENT_3D ( 'NONE', #563, #1808, #875 ) ;
#140 = DIRECTION ( 'NONE',  ( 0.000000000000000000, 0.000000000000000000, -1.000000000000000000 ) ) ;
#141 = CONICAL_SURFACE ( 'NONE', #373, 7.149999999999661959, 1.047197551197305287 ) ;
#142 = FACE_OUTER_BOUND ( 'NONE', #689, .T. ) ;
#143 = EDGE_CURVE ( 'NONE', #926, #1051, #160, .T. ) ;
#144 = AXIS2_PLACEMENT_3D ( 'NONE', #1011, #389, #845 ) ;
#145 = AXIS2_PLACEMENT_3D ( 'NONE', #681, #251, #74 ) ;
#146 = CARTESIAN_POINT ( 'NONE',  ( 18.45017396547720168, -2.089775575696197031E-16, 8.199999999998912159 ) ) ;
#147 = DIRECTION ( 'NONE',  ( -1.000000000000000000, 0.000000000000000000, -0.000000000000000000 ) ) ;
#148 = AXIS2_PLACEMENT_3D ( 'NONE', #932, #590, #580 ) ;
#149 = ORIENTED_EDGE ( 'NONE', *, *, #791, .F. ) ;
#150 = EDGE_CURVE ( 'NONE', #668, #1360, #812, .T. ) ;
#151 = CARTESIAN_POINT ( 'NONE',  ( 12.17180744574188367, 7.101408311031448761, 3.429712680310873729 ) ) ;
#152 = CARTESIAN_POINT ( 'NONE',  ( 12.61280398261218672, -3.845790411681314414, 5.979631870567818197 ) ) ;
#153 = EDGE_CURVE ( 'NONE', #407, #533, #896, .T. ) ;
#154 = EDGE_CURVE ( 'NONE', #1819, #346, #30, .T. ) ;
#155 = CARTESIAN_POINT ( 'NONE',  ( 46.45895618282930428, -8.025911840351622872E-15, 4.700000000000712497 ) ) ;
#156 = FACE_OUTER_BOUND ( 'NONE', #1128, .T. ) ;
#157 = ORIENTED_EDGE ( 'NONE', *, *, #451, .F. ) ;
#158 = DIRECTION ( 'NONE',  ( 1.000000000000000000, -0.000000000000000000, 0.000000000000000000 ) ) ;
#159 = VERTEX_POINT ( 'NONE', #1731 ) ;
#160 = LINE ( 'NONE', #947, #1406 ) ;
#161 = FILL_AREA_STYLE_COLOUR ( '', #1717 ) ;
#162 = CARTESIAN_POINT ( 'NONE',  ( 17.84395618282909979, -4.271380920789982660, 5.733917075569379129 ) ) ;
#163 = DIRECTION ( 'NONE',  ( 0.000000000000000000, 0.000000000000000000, 1.000000000000000000 ) ) ;
#164 = ORIENTED_EDGE ( 'NONE', *, *, #956, .F. ) ;
#165 = DIRECTION ( 'NONE',  ( -1.000000000000000000, 0.000000000000000000, -0.000000000000000000 ) ) ;
#166 = EDGE_LOOP ( 'NONE', ( #1894, #680, #1931, #1974 ) ) ;
#167 = ORIENTED_EDGE ( 'NONE', *, *, #618, .F. ) ;
#168 = DIRECTION ( 'NONE',  ( -1.000000000000000000, 0.000000000000000000, 0.000000000000000000 ) ) ;
#169 = ORIENTED_EDGE ( 'NONE', *, *, #1295, .T. ) ;
#170 = AXIS2_PLACEMENT_3D ( 'NONE', #1547, #781, #472 ) ;
#171 = DIRECTION ( 'NONE',  ( 1.000000000000000000, -0.000000000000000000, 0.000000000000000000 ) ) ;
#172 = AXIS2_PLACEMENT_3D ( 'NONE', #1951, #1359, #105 ) ;
#173 = DIRECTION ( 'NONE',  ( -1.000000000000000000, 0.000000000000000000, 0.000000000000000000 ) ) ;
#174 = EDGE_CURVE ( 'NONE', #1275, #1449, #1045, .T. ) ;
#175 = VECTOR ( 'NONE', #1986, 1000.000000000000000 ) ;
#176 = CARTESIAN_POINT ( 'NONE',  ( 17.84395618282909979, -2.830027390241469654, 6.566082924428980228 ) ) ;
#177 = ORIENTED_EDGE ( 'NONE', *, *, #18, .F. ) ;
#178 = AXIS2_PLACEMENT_3D ( 'NONE', #1255, #1123, #32 ) ;
#179 = ADVANCED_FACE ( 'NONE', ( #1893 ), #1824, .T. ) ;
#180 = EDGE_CURVE ( 'NONE', #1782, #974, #1147, .T. ) ;
#181 = VECTOR ( 'NONE', #595, 1000.000000000000000 ) ;
#182 = ORIENTED_EDGE ( 'NONE', *, *, #1384, .T. ) ;
#183 = CARTESIAN_POINT ( 'NONE',  ( 20.40145618282919671, 0.000000000000000000, 8.199999999998912159 ) ) ;
#184 = ORIENTED_EDGE ( 'NONE', *, *, #1965, .T. ) ;
#185 = CARTESIAN_POINT ( 'NONE',  ( 18.45017396547720523, 1.160042083125232252E-15, -8.199999999998912159 ) ) ;
#186 = FACE_OUTER_BOUND ( 'NONE', #703, .T. ) ;
#187 = DIRECTION ( 'NONE',  ( 1.000000000000000000, -0.000000000000000000, -0.000000000000000000 ) ) ;
#188 = ORIENTED_EDGE ( 'NONE', *, *, #153, .F. ) ;
#189 = EDGE_CURVE ( 'NONE', #1558, #83, #334, .T. ) ;
#190 = ORIENTED_EDGE ( 'NONE', *, *, #1127, .T. ) ;
#191 = DIRECTION ( 'NONE',  ( 0.000000000000000000, 0.000000000000000000, -1.000000000000000000 ) ) ;
#192 = ORIENTED_EDGE ( 'NONE', *, *, #776, .F. ) ;
#193 = CARTESIAN_POINT ( 'NONE',  ( 17.84395618282909979, -2.830027390241491414, -6.566082924428970458 ) ) ;
#194 = DIRECTION ( 'NONE',  ( -1.000000000000000000, 0.000000000000000000, -0.000000000000000000 ) ) ;
#195 = DIRECTION ( 'NONE',  ( 0.000000000000000000, 0.5000000000000009992, -0.8660254037844380415 ) ) ;
#196 = AXIS2_PLACEMENT_3D ( 'NONE', #525, #1928, #1446 ) ;
#197 = ORIENTED_EDGE ( 'NONE', *, *, #544, .T. ) ;
#198 = ORIENTED_EDGE ( 'NONE', *, *, #791, .T. ) ;
#199 = CARTESIAN_POINT ( 'NONE',  ( 17.91873802751381817, 5.235173517354073880, 5.177471160500132008 ) ) ;
#200 = ORIENTED_EDGE ( 'NONE', *, *, #102, .F. ) ;
#201 = CARTESIAN_POINT ( 'NONE',  ( 18.14143851767093807, -0.9262063434197111977, -7.665254518300403497 ) ) ;
#202 = EDGE_CURVE ( 'NONE', #1656, #533, #512, .T. ) ;
#203 = DIRECTION ( 'NONE',  ( 1.000000000000000000, 0.000000000000000000, 0.000000000000000000 ) ) ;
#204 = B_SPLINE_CURVE_WITH_KNOTS ( 'NONE', 3,
 ( #1654, #591, #1214, #1036 ),
 .UNSPECIFIED., .F., .F.,
 ( 4, 4 ),
 ( 1.862304629395007683E-17, 0.003323588428093098013 ),
 .UNSPECIFIED. ) ;
#205 = VECTOR ( 'NONE', #1110, 1000.000000000000000 ) ;
#206 = CARTESIAN_POINT ( 'NONE',  ( 22.95895618282929718, -2.602085213965210642E-15, 2.059984127722458425E-15 ) ) ;
#207 = EDGE_LOOP ( 'NONE', ( #1351, #426, #182, #628 ) ) ;
#208 = VECTOR ( 'NONE', #1179, 1000.000000000000000 ) ;
#209 = DIRECTION ( 'NONE',  ( -0.000000000000000000, -0.4999999999999998335, -0.8660254037844387076 ) ) ;
#210 = CIRCLE ( 'NONE', #178, 0.2999999999992800093 ) ;
#211 = VERTEX_POINT ( 'NONE', #1129 ) ;
#212 = AXIS2_PLACEMENT_3D ( 'NONE', #1755, #209, #820 ) ;
#213 = FACE_OUTER_BOUND ( 'NONE', #658, .T. ) ;
#214 = CARTESIAN_POINT ( 'NONE',  ( 3.721687836487927115, 7.101408311031451426, -4.099999999999450750 ) ) ;
#215 = CARTESIAN_POINT ( 'NONE',  ( 11.97831216351370287, 7.101408311031448761, 4.099999999999449862 ) ) ;
#216 = EDGE_CURVE ( 'NONE', #575, #1279, #68, .T. ) ;
#217 = B_SPLINE_CURVE_WITH_KNOTS ( 'NONE', 3,
 ( #50, #996, #1171, #667 ),
 .UNSPECIFIED., .F., .F.,
 ( 4, 4 ),
 ( 8.673617379884035472E-19, 0.003323588428093174341 ),
 .UNSPECIFIED. ) ;
#218 = CARTESIAN_POINT ( 'NONE',  ( 12.17165985490719393, -7.101408311031448761, -3.430223949959710250 ) ) ;
#219 = DIRECTION ( 'NONE',  ( -1.000000000000000000, 0.000000000000000000, -0.000000000000000000 ) ) ;
#220 = CARTESIAN_POINT ( 'NONE',  ( 12.54016738964442013, 2.352372911609876827, 6.841856866246563307 ) ) ;
#221 = ORIENTED_EDGE ( 'NONE', *, *, #1975, .T. ) ;
#222 = DIRECTION ( 'NONE',  ( 0.000000000000000000, 0.000000000000000000, 1.000000000000000000 ) ) ;
#223 = ORIENTED_EDGE ( 'NONE', *, *, #1647, .F. ) ;
#224 = CARTESIAN_POINT ( 'NONE',  ( 17.84395618282909979, 4.271380920789955127, -5.733917075569396005 ) ) ;
#225 = CARTESIAN_POINT ( 'NONE',  ( 22.95895618282929718, -2.830027390241521168, -6.566082924428954470 ) ) ;
#226 = DIRECTION ( 'NONE',  ( 0.000000000000000000, -0.8660254037844390407, -0.4999999999999991118 ) ) ;
#227 = CARTESIAN_POINT ( 'NONE',  ( 12.17156649341750629, 6.521645321319699207, 4.434726318175711945 ) ) ;
#228 = AXIS2_PLACEMENT_3D ( 'NONE', #507, #1383, #1864 ) ;
#229 = B_SPLINE_CURVE_WITH_KNOTS ( 'NONE', 3,
 ( #568, #458, #419, #1841, #1061, #1371, #1812, #447, #1041, #279, #1519, #1382 ),
 .UNSPECIFIED., .F., .F.,
 ( 4, 2, 2, 2, 2, 4 ),
 ( 3.496446946337351263E-18, 0.002070384954541260036, 0.004140769909082516603, 0.005175962386353144887, 0.006211154863623773170, 0.008281539818165029737 ),
 .UNSPECIFIED. ) ;
#230 = EDGE_CURVE ( 'NONE', #808, #159, #700, .T. ) ;
#231 = ORIENTED_EDGE ( 'NONE', *, *, #143, .F. ) ;
#232 = CARTESIAN_POINT ( 'NONE',  ( 3.368521770481794686, -5.935584483135329492, 4.773088700862957445 ) ) ;
#233 = ORIENTED_EDGE ( 'NONE', *, *, #1650, .F. ) ;
#234 = EDGE_LOOP ( 'NONE', ( #1954, #129, #1771 ) ) ;
#235 = ORIENTED_EDGE ( 'NONE', *, *, #1799, .F. ) ;
#236 = FACE_OUTER_BOUND ( 'NONE', #1992, .T. ) ;
#237 = DIRECTION ( 'NONE',  ( 0.000000000000000000, 3.552713678800500929E-15, 1.000000000000000000 ) ) ;
#238 = CARTESIAN_POINT ( 'NONE',  ( 17.84395618282909979, -1.127570259384924611E-14, -7.149999999999628209 ) ) ;
#239 = DIRECTION ( 'NONE',  ( 1.000000000000000000, -0.000000000000000000, 0.000000000000000000 ) ) ;
#240 = EDGE_CURVE ( 'NONE', #1279, #575, #1887, .T. ) ;
#241 = CONICAL_SURFACE ( 'NONE', #1629, 7.149999999999661959, 1.047197551197305287 ) ;
#242 = EDGE_CURVE ( 'NONE', #794, #1039, #1008, .T. ) ;
#243 = B_SPLINE_CURVE_WITH_KNOTS ( 'NONE', 3,
 ( #1005, #850, #975, #527 ),
 .UNSPECIFIED., .F., .F.,
 ( 4, 4 ),
 ( 3.247135937620879377E-18, 0.003323588428093117528 ),
 .UNSPECIFIED. ) ;
#244 = ORIENTED_EDGE ( 'NONE', *, *, #1525, .F. ) ;
#245 = ORIENTED_EDGE ( 'NONE', *, *, #1672, .T. ) ;
#246 = CONICAL_SURFACE ( 'NONE', #1047, 6.949999999999810996, 1.047197551196844101 ) ;
#247 = DIRECTION ( 'NONE',  ( -1.000000000000000000, 3.122111992759364547E-16, 3.122111992759364547E-16 ) ) ;
#248 = ORIENTED_EDGE ( 'NONE', *, *, #2009, .T. ) ;
#249 = ORIENTED_EDGE ( 'NONE', *, *, #115, .F. ) ;
#250 = ORIENTED_EDGE ( 'NONE', *, *, #242, .F. ) ;
#251 = DIRECTION ( 'NONE',  ( -1.000000000000000000, -0.000000000000000000, -0.000000000000000000 ) ) ;
#252 = CIRCLE ( 'NONE', #501, 0.2999999999992800093 ) ;
#253 = DIRECTION ( 'NONE',  ( -1.000000000000000000, 0.000000000000000000, 0.000000000000000000 ) ) ;
#254 = DIRECTION ( 'NONE',  ( 0.000000000000000000, 0.000000000000000000, -1.000000000000000000 ) ) ;
#255 = CARTESIAN_POINT ( 'NONE',  ( 12.33147822951964123, 1.165823827896139697, 7.526911299135396582 ) ) ;
#256 = ORIENTED_EDGE ( 'NONE', *, *, #1573, .F. ) ;
#257 = DIRECTION ( 'NONE',  ( 0.000000000000000000, 0.000000000000000000, 1.000000000000000000 ) ) ;
#258 = ORIENTED_EDGE ( 'NONE', *, *, #929, .T. ) ;
#259 = EDGE_LOOP ( 'NONE', ( #72, #809, #1904, #73, #1238, #1172, #741, #1678 ) ) ;
#260 = DIRECTION ( 'NONE',  ( 0.000000000000000000, -1.000000000000000000, 0.000000000000000000 ) ) ;
#261 = CARTESIAN_POINT ( 'NONE',  ( 20.40145618282919671, -7.101408311031449649, 4.099999999999449862 ) ) ;
#262 =( NAMED_UNIT ( * ) PLANE_ANGLE_UNIT ( ) SI_UNIT ( $, .RADIAN. ) );
#263 = DIRECTION ( 'NONE',  ( 0.000000000000000000, 0.000000000000000000, -1.000000000000000000 ) ) ;
#264 = FACE_OUTER_BOUND ( 'NONE', #691, .T. ) ;
#265 = CONICAL_SURFACE ( 'NONE', #196, 2.413000000000470102, 1.047197551196737519 ) ;
#266 = ORIENTED_EDGE ( 'NONE', *, *, #677, .F. ) ;
#267 = EDGE_LOOP ( 'NONE', ( #96, #1119, #177 ) ) ;
#268 = DIRECTION ( 'NONE',  ( 0.000000000000000000, 0.000000000000000000, -1.000000000000000000 ) ) ;
#269 = CARTESIAN_POINT ( 'NONE',  ( 22.95895618282929718, 4.271380920789969338, -5.733917075569385347 ) ) ;
#270 = ADVANCED_FACE ( 'NONE', ( #1307 ), #1137, .T. ) ;
#271 = DIRECTION ( 'NONE',  ( 1.000000000000000000, -0.000000000000000000, -0.000000000000000000 ) ) ;
#272 = CIRCLE ( 'NONE', #910, 7.149999999999661959 ) ;
#273 = CYLINDRICAL_SURFACE ( 'NONE', #139, 6.949999999998910383 ) ;
#274 = CIRCLE ( 'NONE', #1374, 7.149999999999600675 ) ;
#275 = EDGE_LOOP ( 'NONE', ( #1741, #336, #1551, #1330 ) ) ;
#276 = ORIENTED_EDGE ( 'NONE', *, *, #1034, .T. ) ;
#277 = VECTOR ( 'NONE', #1334, 1000.000000000000000 ) ;
#278 = CARTESIAN_POINT ( 'NONE',  ( 46.45895618282930428, -6.171000000001112262, 6.050000000001090505 ) ) ;
#279 = CARTESIAN_POINT ( 'NONE',  ( 3.368521770481786692, 7.101408311031451426, 2.753822598272441358 ) ) ;
#280 = ADVANCED_FACE ( 'NONE', ( #1151 ), #520, .F. ) ;
#281 = VECTOR ( 'NONE', #1721, 1000.000000000000114 ) ;
#282 = DIRECTION ( 'NONE',  ( 0.000000000000000000, -1.000000000000000000, 0.000000000000000000 ) ) ;
#283 = ADVANCED_FACE ( 'NONE', ( #52 ), #1691, .T. ) ;
#284 = CARTESIAN_POINT ( 'NONE',  ( 22.95895618282929718, 3.550704155515724825, -6.149999999999181455 ) ) ;
#285 = LINE ( 'NONE', #1390, #114 ) ;
#286 = VERTEX_POINT ( 'NONE', #831 ) ;
#287 = EDGE_LOOP ( 'NONE', ( #463, #1174, #27, #1206, #1839, #958, #1776, #886 ) ) ;
#288 = FACE_BOUND ( 'NONE', #540, .T. ) ;
#289 = CARTESIAN_POINT ( 'NONE',  ( 17.84395618282909979, -4.271380920789959568, -5.733917075569395116 ) ) ;
#290 = DIRECTION ( 'NONE',  ( 1.000000000000000000, -0.000000000000000000, -0.000000000000000000 ) ) ;
#291 = DIRECTION ( 'NONE',  ( -0.4999999999997866151, 0.000000000000000000, 0.8660254037845618313 ) ) ;
#292 = CARTESIAN_POINT ( 'NONE',  ( 46.15895618282910817, 3.440773836639651925E-16, -6.350000000000366462 ) ) ;
#293 = EDGE_CURVE ( 'NONE', #346, #1803, #847, .T. ) ;
#294 = EDGE_LOOP ( 'NONE', ( #1638, #543, #1289, #1305, #857, #1878, #1306, #245 ) ) ;
#295 = CARTESIAN_POINT ( 'NONE',  ( 13.16188021535160146, -7.101408311031449649, -4.099999999999449862 ) ) ;
#296 = AXIS2_PLACEMENT_3D ( 'NONE', #1257, #942, #1562 ) ;
#297 = CARTESIAN_POINT ( 'NONE',  ( 12.61213765639860718, -2.940169276975305834, 6.502492476474150962 ) ) ;
#298 = DIRECTION ( 'NONE',  ( -1.000000000000000000, 0.000000000000000000, 0.000000000000000000 ) ) ;
#299 =( GEOMETRIC_REPRESENTATION_CONTEXT ( 3 ) GLOBAL_UNCERTAINTY_ASSIGNED_CONTEXT ( ( #1939 ) ) GLOBAL_UNIT_ASSIGNED_CONTEXT ( ( #1797, #262, #597 ) ) REPRESENTATION_CONTEXT ( 'NONE', 'WORKASPACE' ) );
#300 = DIRECTION ( 'NONE',  ( 1.000000000000000000, -0.000000000000000000, 0.000000000000000000 ) ) ;
#301 = CARTESIAN_POINT ( 'NONE',  ( 0.3999999999996361466, 4.336808689942017736E-16, -3.275000000000999556 ) ) ;
#302 = LINE ( 'NONE', #1193, #1895 ) ;
#303 = ADVANCED_FACE ( 'NONE', ( #990 ), #1594, .F. ) ;
#304 = ADVANCED_FACE ( 'NONE', ( #1606 ), #1246, .T. ) ;
#305 = ORIENTED_EDGE ( 'NONE', *, *, #1385, .F. ) ;
#306 = CARTESIAN_POINT ( 'NONE',  ( 12.61280398261218849, 7.101408311031451426, 0.3407362588627219080 ) ) ;
#307 = AXIS2_PLACEMENT_3D ( 'NONE', #730, #1185, #711 ) ;
#308 = DIRECTION ( 'NONE',  ( -1.000000000000000000, 0.000000000000000000, 0.000000000000000000 ) ) ;
#309 = CONICAL_SURFACE ( 'NONE', #404, 8.199999999998924594, 1.047197551196603182 ) ;
#310 = CARTESIAN_POINT ( 'NONE',  ( 3.528433506584010892, 6.521645321319716082, 4.434726318175701287 ) ) ;
#311 = AXIS2_PLACEMENT_3D ( 'NONE', #1883, #949, #1431 ) ;
#312 = CIRCLE ( 'NONE', #1764, 6.050000000001090505 ) ;
#313 = CARTESIAN_POINT ( 'NONE',  ( 0.3999999999996361466, 4.255647627036804711E-16, -3.275000000000999556 ) ) ;
#314 = CARTESIAN_POINT ( 'NONE',  ( 37.65895618282910817, 7.776507174586134911E-16, -6.350000000000360245 ) ) ;
#315 = B_SPLINE_CURVE_WITH_KNOTS ( 'NONE', 3,
 ( #146, #1201, #1989, #909 ),
 .UNSPECIFIED., .F., .F.,
 ( 4, 4 ),
 ( 1.125217000827578618E-18, 0.003323588428093153524 ),
 .UNSPECIFIED. ) ;
#316 = ORIENTED_EDGE ( 'NONE', *, *, #1358, .F. ) ;
#317 = DIRECTION ( 'NONE',  ( 0.000000000000000000, 1.224646799147353454E-16, 1.000000000000000000 ) ) ;
#318 = CARTESIAN_POINT ( 'NONE',  ( 14.94395618282899996, 5.694607616034753079E-16, -4.649999999999640643 ) ) ;
#319 = ADVANCED_FACE ( 'NONE', ( #855 ), #241, .T. ) ;
#320 = CARTESIAN_POINT ( 'NONE',  ( 15.54395618282929981, 4.336808689942017736E-16, 4.336808689942017736E-16 ) ) ;
#321 = ORIENTED_EDGE ( 'NONE', *, *, #1170, .T. ) ;
#322 = CARTESIAN_POINT ( 'NONE',  ( 22.66147384798766851, 0.9262063434197408407, 7.665254518300384845 ) ) ;
#323 = ORIENTED_EDGE ( 'NONE', *, *, #838, .T. ) ;
#324 = ORIENTED_EDGE ( 'NONE', *, *, #1542, .F. ) ;
#325 = CARTESIAN_POINT ( 'NONE',  ( 3.368521770481806676, -1.165823827896120823, -7.526911299135404576 ) ) ;
#326 = FACE_OUTER_BOUND ( 'NONE', #1527, .T. ) ;
#327 = ADVANCED_FACE ( 'NONE', ( #213 ), #1952, .T. ) ;
#328 = CARTESIAN_POINT ( 'NONE',  ( 13.16188021535160146, -9.614813431917818589E-16, 8.199999999998912159 ) ) ;
#329 = ORIENTED_EDGE ( 'NONE', *, *, #1757, .F. ) ;
#330 = EDGE_CURVE ( 'NONE', #1007, #723, #1637, .T. ) ;
#331 = AXIS2_PLACEMENT_3D ( 'NONE', #738, #911, #1982 ) ;
#332 = EDGE_CURVE ( 'NONE', #86, #1449, #1626, .T. ) ;
#333 = DIRECTION ( 'NONE',  ( 0.000000000000000000, 0.8660254037844390407, 0.4999999999999993339 ) ) ;
#334 = B_SPLINE_CURVE_WITH_KNOTS ( 'NONE', 3,
 ( #2002, #648, #613, #1240, #1851, #62, #1616, #1912, #1903, #232, #822, #679 ),
 .UNSPECIFIED., .F., .F.,
 ( 4, 2, 2, 2, 2, 4 ),
 ( 3.097169107177110942E-18, 0.002070384954541263506, 0.004140769909082523542, 0.005175962386353152693, 0.006211154863623782711, 0.008281539818165038411 ),
 .UNSPECIFIED. ) ;
#335 = CARTESIAN_POINT ( 'NONE',  ( 21.83395974271210349, 0.000000000000000000, 0.000000000000000000 ) ) ;
#336 = ORIENTED_EDGE ( 'NONE', *, *, #618, .T. ) ;
#337 = VERTEX_POINT ( 'NONE', #119 ) ;
#338 = CARTESIAN_POINT ( 'NONE',  ( 46.15895618282910817, 0.000000000000000000, 6.350000000000360245 ) ) ;
#339 = CARTESIAN_POINT ( 'NONE',  ( 17.91873802751382883, 1.866234793677350012, -7.122528839498246889 ) ) ;
#340 = AXIS2_PLACEMENT_3D ( 'NONE', #948, #358, #1720 ) ;
#341 = DIRECTION ( 'NONE',  ( 0.000000000000000000, 0.000000000000000000, 1.000000000000000000 ) ) ;
#342 = AXIS2_PLACEMENT_3D ( 'NONE', #998, #247, #1942 ) ;
#343 = B_SPLINE_CURVE_WITH_KNOTS ( 'NONE', 3,
 ( #726, #1687, #906, #1985, #436, #306, #1198, #1060, #138, #1539, #151, #131 ),
 .UNSPECIFIED., .F., .F.,
 ( 4, 2, 2, 2, 2, 4 ),
 ( 8.673617379884035472E-19, 0.002070384954541235317, 0.004140769909082470633, 0.005175962386353088508, 0.006211154863623706383, 0.008281539818164943001 ),
 .UNSPECIFIED. ) ;
#344 = AXIS2_PLACEMENT_3D ( 'NONE', #1493, #1621, #237 ) ;
#345 = FACE_OUTER_BOUND ( 'NONE', #1941, .T. ) ;
#346 = VERTEX_POINT ( 'NONE', #1028 ) ;
#347 = AXIS2_PLACEMENT_3D ( 'NONE', #1520, #736, #1502 ) ;
#348 = CONICAL_SURFACE ( 'NONE', #530, 7.149999999999629097, 1.047197551197303067 ) ;
#349 = ORIENTED_EDGE ( 'NONE', *, *, #1516, .T. ) ;
#350 = CARTESIAN_POINT ( 'NONE',  ( 0.5000000000009129364, 0.000000000000000000, 0.000000000000000000 ) ) ;
#351 = ORIENTED_EDGE ( 'NONE', *, *, #1757, .T. ) ;
#352 = LINE ( 'NONE', #961, #438 ) ;
#353 = PLANE ( 'NONE',  #1813 ) ;
#354 = ORIENTED_EDGE ( 'NONE', *, *, #1226, .T. ) ;
#355 = ADVANCED_FACE ( 'NONE', ( #1338 ), #1507, .T. ) ;
#356 = ORIENTED_EDGE ( 'NONE', *, *, #1384, .F. ) ;
#357 = DIRECTION ( 'NONE',  ( 0.000000000000000000, -1.000000000000000000, 0.000000000000000000 ) ) ;
#358 = DIRECTION ( 'NONE',  ( -1.000000000000000000, 0.000000000000000000, -0.000000000000000000 ) ) ;
#359 = CARTESIAN_POINT ( 'NONE',  ( 17.91873802751382172, -5.235173517354077433, 5.177471160500129344 ) ) ;
#360 = CARTESIAN_POINT ( 'NONE',  ( 11.97831216351369754, 9.861858250372229141E-16, -8.199999999998912159 ) ) ;
#361 = CARTESIAN_POINT ( 'NONE',  ( 18.45017396547719812, -7.101408311031449649, 4.099999999999449862 ) ) ;
#362 = AXIS2_PLACEMENT_3D ( 'NONE', #453, #442, #903 ) ;
#363 = VERTEX_POINT ( 'NONE', #94 ) ;
#364 = EDGE_CURVE ( 'NONE', #943, #433, #1488, .T. ) ;
#365 = VERTEX_POINT ( 'NONE', #885 ) ;
#366 = EDGE_CURVE ( 'NONE', #53, #1088, #34, .T. ) ;
#367 = DIRECTION ( 'NONE',  ( 0.000000000000000000, 0.000000000000000000, -1.000000000000000000 ) ) ;
#368 = ADVANCED_FACE ( 'NONE', ( #582 ), #1496, .T. ) ;
#369 = CARTESIAN_POINT ( 'NONE',  ( 3.159832610356896332, 4.749035399421585701, -5.458143133751794274 ) ) ;
#370 = DIRECTION ( 'NONE',  ( -1.000000000000000000, -0.000000000000000000, -0.000000000000000000 ) ) ;
#371 = DIRECTION ( 'NONE',  ( 1.000000000000000000, -6.240012503514682540E-17, -6.240012503514682540E-17 ) ) ;
#372 = CARTESIAN_POINT ( 'NONE',  ( -2.775557561562890365E-16, 0.000000000000000000, 0.000000000000000000 ) ) ;
#373 = AXIS2_PLACEMENT_3D ( 'NONE', #735, #111, #1834 ) ;
#374 = CARTESIAN_POINT ( 'NONE',  ( 46.15895618282910817, 1.084988697148227736E-15, 6.050000000001090505 ) ) ;
#375 = CONICAL_SURFACE ( 'NONE', #1958, 3.674999999999270184, 0.7853981633951648833 ) ;
#376 = VERTEX_POINT ( 'NONE', #1037 ) ;
#377 = CIRCLE ( 'NONE', #853, 4.700000000000729372 ) ;
#378 = CARTESIAN_POINT ( 'NONE',  ( 22.95895618282929718, 3.550704155515724825, 6.149999999999181455 ) ) ;
#379 = ORIENTED_EDGE ( 'NONE', *, *, #740, .F. ) ;
#380 = CARTESIAN_POINT ( 'NONE',  ( 17.84395618282909979, -4.271380920789982660, 5.733917075569379129 ) ) ;
#381 = CARTESIAN_POINT ( 'NONE',  ( 12.54016738964443078, 4.749035399421574155, -5.458143133751800491 ) ) ;
#382 = EDGE_CURVE ( 'NONE', #725, #363, #1591, .T. ) ;
#383 = DIRECTION ( 'NONE',  ( 1.000000000000000000, -3.122111992759369970E-16, -3.122111992759369970E-16 ) ) ;
#384 = ORIENTED_EDGE ( 'NONE', *, *, #449, .F. ) ;
#385 = DIRECTION ( 'NONE',  ( 1.000000000000000000, -0.000000000000000000, -0.000000000000000000 ) ) ;
#386 = ORIENTED_EDGE ( 'NONE', *, *, #676, .T. ) ;
#387 = ORIENTED_EDGE ( 'NONE', *, *, #717, .T. ) ;
#388 = VERTEX_POINT ( 'NONE', #1350 ) ;
#389 = DIRECTION ( 'NONE',  ( 1.000000000000000000, -0.000000000000000000, 0.000000000000000000 ) ) ;
#390 = EDGE_CURVE ( 'NONE', #286, #108, #1645, .T. ) ;
#391 = DIRECTION ( 'NONE',  ( -1.000000000000000000, 0.000000000000000000, 0.000000000000000000 ) ) ;
#392 = ADVANCED_FACE ( 'NONE', ( #264 ), #273, .T. ) ;
#393 = DIRECTION ( 'NONE',  ( 3.122111992759364547E-16, 0.000000000000000000, 1.000000000000000000 ) ) ;
#394 = AXIS2_PLACEMENT_3D ( 'NONE', #1134, #1003, #836 ) ;
#396 = EDGE_LOOP ( 'NONE', ( #1726, #434, #39, #1188 ) ) ;
#395 = ORIENTED_EDGE ( 'NONE', *, *, #150, .T. ) ;
#397 = DIRECTION ( 'NONE',  ( 1.146924612215864200E-15, -6.214658580015546668E-32, -1.000000000000000000 ) ) ;
#398 = EDGE_LOOP ( 'NONE', ( #130, #1029 ) ) ;
#399 = ORIENTED_EDGE ( 'NONE', *, *, #838, .F. ) ;
#400 = CARTESIAN_POINT ( 'NONE',  ( 18.45017396547720168, -7.101408311031448761, -4.099999999999459632 ) ) ;
#401 = FACE_OUTER_BOUND ( 'NONE', #1154, .T. ) ;
#402 = CARTESIAN_POINT ( 'NONE',  ( 22.95895618282929718, 0.000000000000000000, 0.000000000000000000 ) ) ;
#403 = LINE ( 'NONE', #1766, #1116 ) ;
#404 = AXIS2_PLACEMENT_3D ( 'NONE', #745, #1032, #140 ) ;
#405 = AXIS2_PLACEMENT_3D ( 'NONE', #1597, #1630, #1751 ) ;
#406 = CARTESIAN_POINT ( 'NONE',  ( 23.15435980834850582, -1.280538526853016220E-30, -1.280538526853016220E-30 ) ) ;
#407 = VERTEX_POINT ( 'NONE', #1221 ) ;
#408 = CIRCLE ( 'NONE', #625, 3.275000000001000000 ) ;
#409 = ORIENTED_EDGE ( 'NONE', *, *, #1706, .F. ) ;
#410 = DIRECTION ( 'NONE',  ( -1.000000000000000000, 0.000000000000000000, -0.000000000000000000 ) ) ;
#411 = CIRCLE ( 'NONE', #1349, 5.556249999999650413 ) ;
#412 = FACE_OUTER_BOUND ( 'NONE', #1490, .T. ) ;
#413 = DIRECTION ( 'NONE',  ( 0.000000000000000000, -1.000000000000000000, 0.000000000000000000 ) ) ;
#414 = CARTESIAN_POINT ( 'NONE',  ( 3.000000000000910827, -1.353087022529464027E-32, -1.353087022529464027E-32 ) ) ;
#415 = VERTEX_POINT ( 'NONE', #429 ) ;
#416 = ADVANCED_FACE ( 'NONE', ( #1053 ), #141, .T. ) ;
#417 = ORIENTED_EDGE ( 'NONE', *, *, #116, .F. ) ;
#418 = FACE_OUTER_BOUND ( 'NONE', #1604, .T. ) ;
#419 = CARTESIAN_POINT ( 'NONE',  ( 3.369157060542799620, 7.101408311031450538, -2.756214215667011747 ) ) ;
#420 = CARTESIAN_POINT ( 'NONE',  ( 23.15435980834850227, -1.280538526853016220E-30, -4.700000000000729372 ) ) ;
#421 = B_SPLINE_CURVE_WITH_KNOTS ( 'NONE', 3,
 ( #782, #1595, #1882, #1430 ),
 .UNSPECIFIED., .F., .F.,
 ( 4, 4 ),
 ( 8.673617379884035472E-19, 0.003323588428093103651 ),
 .UNSPECIFIED. ) ;
#422 = CARTESIAN_POINT ( 'NONE',  ( 20.40145618282919671, 7.101408311031449649, 4.099999999999449862 ) ) ;
#423 = CARTESIAN_POINT ( 'NONE',  ( 20.40145618282919671, 0.000000000000000000, -8.199999999998912159 ) ) ;
#424 = VECTOR ( 'NONE', #298, 1000.000000000000000 ) ;
#425 = ORIENTED_EDGE ( 'NONE', *, *, #1292, .F. ) ;
#426 = ORIENTED_EDGE ( 'NONE', *, *, #1104, .T. ) ;
#427 = CARTESIAN_POINT ( 'NONE',  ( 22.95895618282929718, 0.000000000000000000, 6.350000000000360245 ) ) ;
#428 = EDGE_CURVE ( 'NONE', #1051, #1933, #229, .T. ) ;
#429 = CARTESIAN_POINT ( 'NONE',  ( 12.69999999999980034, 2.088234258101096465E-16, 5.556249999999631761 ) ) ;
#430 = CARTESIAN_POINT ( 'NONE',  ( 20.40145618282919671, 7.101408311031449649, -4.099999999999449862 ) ) ;
#431 = LINE ( 'NONE', #301, #1477 ) ;
#432 = LINE ( 'NONE', #1367, #987 ) ;
#433 = VERTEX_POINT ( 'NONE', #578 ) ;
#434 = ORIENTED_EDGE ( 'NONE', *, *, #1644, .T. ) ;
#435 = TOROIDAL_SURFACE ( 'NONE', #526, 6.449999999998910383, 0.4999999999999996669 ) ;
#436 = CARTESIAN_POINT ( 'NONE',  ( 12.61213765639860718, 7.101408311031452314, -0.7049849529499347955 ) ) ;
#437 = CARTESIAN_POINT ( 'NONE',  ( 12.61213765639860540, -4.161239034056145591, -5.797507523524219941 ) ) ;
#438 = VECTOR ( 'NONE', #1576, 1000.000000000000000 ) ;
#439 = DIRECTION ( 'NONE',  ( 0.000000000000000000, 0.000000000000000000, -1.000000000000000000 ) ) ;
#440 = VECTOR ( 'NONE', #1649, 1000.000000000000000 ) ;
#441 = DIRECTION ( 'NONE',  ( -1.000000000000000000, -0.000000000000000000, -0.000000000000000000 ) ) ;
#442 = DIRECTION ( 'NONE',  ( 0.000000000000000000, -0.5000000000000009992, 0.8660254037844381525 ) ) ;
#443 = EDGE_CURVE ( 'NONE', #1158, #1933, #1978, .T. ) ;
#444 = EDGE_LOOP ( 'NONE', ( #1405, #1447, #169, #584, #630, #1648 ) ) ;
#445 = ORIENTED_EDGE ( 'NONE', *, *, #428, .F. ) ;
#446 = LINE ( 'NONE', #1977, #440 ) ;
#447 = CARTESIAN_POINT ( 'NONE',  ( 3.159832610356886562, 7.101408311031449649, 1.383713732494774584 ) ) ;
#448 = CARTESIAN_POINT ( 'NONE',  ( 3.102021344123502722, 2.952322671400472665, 6.495475710931212454 ) ) ;
#449 = EDGE_CURVE ( 'NONE', #1419, #1902, #1324, .T. ) ;
#450 = DIRECTION ( 'NONE',  ( 0.000000000000000000, 0.000000000000000000, 1.000000000000000000 ) ) ;
#451 = EDGE_CURVE ( 'NONE', #619, #337, #1826, .T. ) ;
#452 = ADVANCED_FACE ( 'NONE', ( #1688 ), #309, .T. ) ;
#453 = CARTESIAN_POINT ( 'NONE',  ( 13.16188021535160146, -7.101408311031449649, 4.099999999999449862 ) ) ;
#454 = EDGE_LOOP ( 'NONE', ( #1538, #1152, #1086, #1470, #1544, #1563, #1556, #1628 ) ) ;
#455 = ORIENTED_EDGE ( 'NONE', *, *, #1103, .T. ) ;
#456 = CARTESIAN_POINT ( 'NONE',  ( 17.84395618282909979, -3.035766082959412415E-15, 4.011548038196366406E-15 ) ) ;
#457 = AXIS2_PLACEMENT_3D ( 'NONE', #26, #1725, #645 ) ;
#458 = CARTESIAN_POINT ( 'NONE',  ( 3.528433506584017554, 7.101408311031447873, -3.430547363646947900 ) ) ;
#459 =( NAMED_UNIT ( * ) PLANE_ANGLE_UNIT ( ) SI_UNIT ( $, .RADIAN. ) );
#460 = FACE_OUTER_BOUND ( 'NONE', #444, .T. ) ;
#461 = CARTESIAN_POINT ( 'NONE',  ( 11.97831216351369754, -9.614813431917817849E-17, 8.199999999998912159 ) ) ;
#462 = CARTESIAN_POINT ( 'NONE',  ( 22.88417433814462854, 1.866234793677414627, 7.122528839498207809 ) ) ;
#463 = ORIENTED_EDGE ( 'NONE', *, *, #930, .F. ) ;
#464 = CARTESIAN_POINT ( 'NONE',  ( 17.84395618282909979, -7.101408311031449649, -7.785844405009650693 ) ) ;
#465 = CARTESIAN_POINT ( 'NONE',  ( 3.159832610356906990, -2.352372911609865280, -6.841856866246572189 ) ) ;
#466 = MECHANICAL_DESIGN_GEOMETRIC_PRESENTATION_REPRESENTATION (  '', ( #622 ), #1890 ) ;
#467 = CARTESIAN_POINT ( 'NONE',  ( 3.148507566890452303, 4.757497809436042502, 5.453257359051953301 ) ) ;
#468 = FACE_OUTER_BOUND ( 'NONE', #137, .T. ) ;
#469 = ORIENTED_EDGE ( 'NONE', *, *, #1310, .F. ) ;
#470 = CARTESIAN_POINT ( 'NONE',  ( 3.148052834101079611, -7.101408311031450538, -1.389993475731057249 ) ) ;
#471 = VERTEX_POINT ( 'NONE', #269 ) ;
#472 = DIRECTION ( 'NONE',  ( 0.000000000000000000, 0.000000000000000000, 1.000000000000000000 ) ) ;
#473 = ADVANCED_FACE ( 'NONE', ( #1354 ), #983, .T. ) ;
#474 = VERTEX_POINT ( 'NONE', #587 ) ;
#475 = CYLINDRICAL_SURFACE ( 'NONE', #1852, 4.650000000000549250 ) ;
#476 = DIRECTION ( 'NONE',  ( -1.000000000000000000, 0.000000000000000000, -0.000000000000000000 ) ) ;
#477 = SURFACE_STYLE_USAGE ( .BOTH. , #1867 ) ;
#478 = CARTESIAN_POINT ( 'NONE',  ( 3.368883357229579101, -7.101408311031451426, -2.755204958897920164 ) ) ;
#479 = ORIENTED_EDGE ( 'NONE', *, *, #1923, .T. ) ;
#480 = ORIENTED_EDGE ( 'NONE', *, *, #953, .T. ) ;
#481 = CARTESIAN_POINT ( 'NONE',  ( 3.102021344123523150, -2.952322671400473109, -6.495475710931216007 ) ) ;
#482 = ORIENTED_EDGE ( 'NONE', *, *, #1874, .T. ) ;
#483 = EDGE_CURVE ( 'NONE', #1007, #1880, #1112, .T. ) ;
#484 = DIRECTION ( 'NONE',  ( -1.000000000000000000, 6.240012503514672680E-17, 6.240012503514672680E-17 ) ) ;
#485 = AXIS2_PLACEMENT_3D ( 'NONE', #1754, #391, #816 ) ;
#486 = CARTESIAN_POINT ( 'NONE',  ( 12.61258437086818596, -7.101408311031449649, 0.6996870419926890516 ) ) ;
#487 = CARTESIAN_POINT ( 'NONE',  ( 3.368883357229572884, -7.101408311031450538, 2.755204958897914835 ) ) ;
#488 = ORIENTED_EDGE ( 'NONE', *, *, #1018, .F. ) ;
#489 = VERTEX_POINT ( 'NONE', #289 ) ;
#490 = CARTESIAN_POINT ( 'NONE',  ( 22.95895618282929718, 7.101408311031449649, 0.8321658488595702341 ) ) ;
#491 = DIRECTION ( 'NONE',  ( 0.000000000000000000, 0.000000000000000000, -1.000000000000000000 ) ) ;
#492 = LINE ( 'NONE', #1441, #624 ) ;
#493 = AXIS2_PLACEMENT_3D ( 'NONE', #406, #1450, #1020 ) ;
#494 = CARTESIAN_POINT ( 'NONE',  ( 46.15895618282910817, 7.776507174586134911E-16, -6.350000000000360245 ) ) ;
#495 = CIRCLE ( 'NONE', #344, 7.149999999999647748 ) ;
#496 = B_SPLINE_CURVE_WITH_KNOTS ( 'NONE', 3,
 ( #641, #1568, #359, #162 ),
 .UNSPECIFIED., .F., .F.,
 ( 4, 4 ),
 ( 0.000000000000000000, 0.003323588428093150488 ),
 .UNSPECIFIED. ) ;
#497 = CARTESIAN_POINT ( 'NONE',  ( 46.15895618282910817, 1.121728101122559652E-15, 6.350000000000366462 ) ) ;
#498 = ORIENTED_EDGE ( 'NONE', *, *, #957, .F. ) ;
#499 = AXIS2_PLACEMENT_3D ( 'NONE', #1914, #981, #1926 ) ;
#500 = B_SPLINE_CURVE_WITH_KNOTS ( 'NONE', 3,
 ( #1898, #1445, #33, #6, #486, #786, #506, #972, #218, #952 ),
 .UNSPECIFIED., .F., .F.,
 ( 4, 2, 2, 2, 4 ),
 ( 0.000000000000000000, 0.002074385525463976355, 0.004148771050927952710, 0.006223156576391929498, 0.008297542101855908889 ),
 .UNSPECIFIED. ) ;
#501 = AXIS2_PLACEMENT_3D ( 'NONE', #374, #1337, #988 ) ;
#502 = EDGE_LOOP ( 'NONE', ( #1832, #1327, #51, #250 ) ) ;
#503 = CARTESIAN_POINT ( 'NONE',  ( 17.84395618282909979, -3.079134169858832593E-14, -1.799775606325937360E-14 ) ) ;
#504 = ORIENTED_EDGE ( 'NONE', *, *, #1613, .T. ) ;
#505 = CARTESIAN_POINT ( 'NONE',  ( 37.65895618282910817, 8.673617379884037444E-16, 6.032611434726272037 ) ) ;
#506 = CARTESIAN_POINT ( 'NONE',  ( 12.55194716590024484, -7.101408311031451426, -1.389993475731031713 ) ) ;
#507 = CARTESIAN_POINT ( 'NONE',  ( 9.093203620635925688E-13, 0.000000000000000000, 0.000000000000000000 ) ) ;
#508 = VERTEX_POINT ( 'NONE', #1529 ) ;
#509 = EDGE_CURVE ( 'NONE', #1944, #1418, #883, .T. ) ;
#510 = EDGE_CURVE ( 'NONE', #854, #1656, #1575, .T. ) ;
#511 = VERTEX_POINT ( 'NONE', #1753 ) ;
#512 = LINE ( 'NONE', #1288, #1854 ) ;
#513 = EDGE_LOOP ( 'NONE', ( #594, #1161, #1339, #621 ) ) ;
#514 = PLANE ( 'NONE',  #1662 ) ;
#515 = CARTESIAN_POINT ( 'NONE',  ( 12.69999999999980034, 0.000000000000000000, 0.000000000000000000 ) ) ;
#516 = FACE_OUTER_BOUND ( 'NONE', #11, .T. ) ;
#517 = CONICAL_SURFACE ( 'NONE', #1581, 3.674999999999270184, 0.7853981633951648833 ) ;
#518 = CARTESIAN_POINT ( 'NONE',  ( 46.45895618282930428, -1.720299167190193221E-14, -1.720299167190193221E-14 ) ) ;
#519 = EDGE_LOOP ( 'NONE', ( #999, #1924, #329, #93 ) ) ;
#520 = CYLINDRICAL_SURFACE ( 'NONE', #5, 2.412999999999559275 ) ;
#521 = EDGE_LOOP ( 'NONE', ( #1920, #844, #647, #425 ) ) ;
#522 = CARTESIAN_POINT ( 'NONE',  ( 21.83395974271210349, 2.955072726343139147E-16, 2.413000000000470102 ) ) ;
#523 = ADVANCED_FACE ( 'NONE', ( #15, #1875 ), #1745, .T. ) ;
#524 = CARTESIAN_POINT ( 'NONE',  ( 18.45017396547720168, -2.089775575696197031E-16, 8.199999999998912159 ) ) ;
#525 = CARTESIAN_POINT ( 'NONE',  ( 21.83395974271210349, 0.000000000000000000, 0.000000000000000000 ) ) ;
#526 = AXIS2_PLACEMENT_3D ( 'NONE', #1886, #203, #1906 ) ;
#527 = CARTESIAN_POINT ( 'NONE',  ( 22.95895618282929718, 2.830027390241505625, -6.566082924428961576 ) ) ;
#528 = VECTOR ( 'NONE', #651, 999.9999999999998863 ) ;
#529 = ORIENTED_EDGE ( 'NONE', *, *, #1665, .T. ) ;
#530 = AXIS2_PLACEMENT_3D ( 'NONE', #1052, #763, #744 ) ;
#531 = ADVANCED_FACE ( 'NONE', ( #1577, #186 ), #1093, .T. ) ;
#532 = DIRECTION ( 'NONE',  ( 1.000000000000000000, -1.146924612215864200E-15, 1.146924612215864200E-15 ) ) ;
#533 = VERTEX_POINT ( 'NONE', #45 ) ;
#534 = EDGE_CURVE ( 'NONE', #1022, #877, #654, .T. ) ;
#535 = CARTESIAN_POINT ( 'NONE',  ( 3.721687836487927115, 7.101408311031451426, -4.099999999999450750 ) ) ;
#536 = EDGE_CURVE ( 'NONE', #86, #1219, #1533, .T. ) ;
#537 = FACE_OUTER_BOUND ( 'NONE', #259, .T. ) ;
#538 = FACE_OUTER_BOUND ( 'NONE', #1607, .T. ) ;
#539 = CARTESIAN_POINT ( 'NONE',  ( 22.95895618282929718, -7.101408311031449649, -0.8321658488595551351 ) ) ;
#540 = EDGE_LOOP ( 'NONE', ( #1457, #1686 ) ) ;
#541 = ORIENTED_EDGE ( 'NONE', *, *, #1611, .F. ) ;
#542 = CARTESIAN_POINT ( 'NONE',  ( 46.15895618282911528, 3.440773836639453724E-16, 0.000000000000000000 ) ) ;
#543 = ORIENTED_EDGE ( 'NONE', *, *, #390, .F. ) ;
#544 = EDGE_CURVE ( 'NONE', #1640, #1803, #815, .T. ) ;
#545 = ORIENTED_EDGE ( 'NONE', *, *, #1583, .F. ) ;
#546 = DIRECTION ( 'NONE',  ( 0.000000000000000000, -1.000000000000000000, 0.000000000000000000 ) ) ;
#547 = CARTESIAN_POINT ( 'NONE',  ( 35.85895618282940234, 0.000000000000000000, 6.350000000000360245 ) ) ;
#548 = DIRECTION ( 'NONE',  ( 0.000000000000000000, 0.000000000000000000, -1.000000000000000000 ) ) ;
#549 = AXIS2_PLACEMENT_3D ( 'NONE', #1552, #165, #1075 ) ;
#550 = CYLINDRICAL_SURFACE ( 'NONE', #10, 5.556249999999631761 ) ;
#551 = PRODUCT_DEFINITION_FORMATION_WITH_SPECIFIED_SOURCE ( 'ANY', '', #834, .NOT_KNOWN. ) ;
#552 = ORIENTED_EDGE ( 'NONE', *, *, #1948, .T. ) ;
#553 = ORIENTED_EDGE ( 'NONE', *, *, #58, .F. ) ;
#554 = CARTESIAN_POINT ( 'NONE',  ( 37.65895618282910817, 0.000000000000000000, 0.000000000000000000 ) ) ;
#555 = ORIENTED_EDGE ( 'NONE', *, *, #1504, .T. ) ;
#556 = ORIENTED_EDGE ( 'NONE', *, *, #740, .T. ) ;
#557 = DIRECTION ( 'NONE',  ( 0.000000000000000000, 0.000000000000000000, 1.000000000000000000 ) ) ;
#558 = DIRECTION ( 'NONE',  ( -7.381802025432076466E-16, 0.000000000000000000, -1.000000000000000000 ) ) ;
#559 = DIRECTION ( 'NONE',  ( -1.000000000000000000, 0.000000000000000000, 0.000000000000000000 ) ) ;
#560 = ADVANCED_FACE ( 'NONE', ( #655 ), #246, .T. ) ;
#561 = DIRECTION ( 'NONE',  ( -1.000000000000000000, 0.000000000000000000, 0.000000000000000000 ) ) ;
#562 = AXIS2_PLACEMENT_3D ( 'NONE', #278, #889, #268 ) ;
#563 = CARTESIAN_POINT ( 'NONE',  ( 3.000000000000910827, -1.353087022529464027E-32, -1.353087022529464027E-32 ) ) ;
#564 = ORIENTED_EDGE ( 'NONE', *, *, #153, .T. ) ;
#565 = CIRCLE ( 'NONE', #148, 0.4999999999999995559 ) ;
#566 = VERTEX_POINT ( 'NONE', #1291 ) ;
#567 = CARTESIAN_POINT ( 'NONE',  ( 14.03770618282990412, 2.088234258100632517E-16, 5.556249999999658407 ) ) ;
#568 = CARTESIAN_POINT ( 'NONE',  ( 3.721687836487927115, 7.101408311031451426, -4.099999999999450750 ) ) ;
#569 = CARTESIAN_POINT ( 'NONE',  ( 17.84395618282909979, 1.474514954580286030E-14, 2.157562323246153824E-14 ) ) ;
#570 = DIRECTION ( 'NONE',  ( 0.000000000000000000, 0.8660254037844381525, -0.5000000000000009992 ) ) ;
#571 = EDGE_CURVE ( 'NONE', #1058, #1820, #806, .T. ) ;
#572 = EDGE_CURVE ( 'NONE', #1902, #854, #500, .T. ) ;
#573 = DIRECTION ( 'NONE',  ( 1.000000000000000000, -0.000000000000000000, -0.000000000000000000 ) ) ;
#574 = ORIENTED_EDGE ( 'NONE', *, *, #1232, .F. ) ;
#575 = VERTEX_POINT ( 'NONE', #1124 ) ;
#576 = DIRECTION ( 'NONE',  ( 0.000000000000000000, -1.000000000000000000, 0.000000000000000000 ) ) ;
#577 = B_SPLINE_CURVE_WITH_KNOTS ( 'NONE', 3,
 ( #862, #1455, #1157, #539 ),
 .UNSPECIFIED., .F., .F.,
 ( 4, 4 ),
 ( 8.673617379884035472E-19, 0.003323588428093127937 ),
 .UNSPECIFIED. ) ;
#578 = CARTESIAN_POINT ( 'NONE',  ( 22.35273840018159319, 4.322895163554012911E-16, -8.199999999998912159 ) ) ;
#579 = CARTESIAN_POINT ( 'NONE',  ( 3.368521770481790245, 1.165823827896120823, 7.526911299135407241 ) ) ;
#580 = DIRECTION ( 'NONE',  ( 0.000000000000000000, 0.000000000000000000, -1.000000000000000000 ) ) ;
#581 = CARTESIAN_POINT ( 'NONE',  ( 17.84395618282909979, 2.830027390241540264, -6.566082924428940260 ) ) ;
#582 = FACE_OUTER_BOUND ( 'NONE', #1646, .T. ) ;
#583 = VECTOR ( 'NONE', #973, 999.9999999999998863 ) ;
#584 = ORIENTED_EDGE ( 'NONE', *, *, #449, .T. ) ;
#585 = VERTEX_POINT ( 'NONE', #795 ) ;
#586 = FACE_OUTER_BOUND ( 'NONE', #521, .T. ) ;
#587 = CARTESIAN_POINT ( 'NONE',  ( 15.54395618282929981, 8.347526957150824067E-16, 3.275000000001000444 ) ) ;
#588 = CARTESIAN_POINT ( 'NONE',  ( 22.95895618282929718, -2.830027390241521168, -6.566082924428954470 ) ) ;
#589 = ADVANCED_FACE ( 'NONE', ( #1723 ), #435, .T. ) ;
#590 = DIRECTION ( 'NONE',  ( 0.000000000000000000, -1.000000000000000000, 0.000000000000000000 ) ) ;
#591 = CARTESIAN_POINT ( 'NONE',  ( 22.88417433814462854, -5.235173517354036576, -5.177471160500161318 ) ) ;
#592 = MANIFOLD_SOLID_BREP ( 'Imported1', #1599 ) ;
#593 = ORIENTED_EDGE ( 'NONE', *, *, #1226, .F. ) ;
#594 = ORIENTED_EDGE ( 'NONE', *, *, #1526, .F. ) ;
#595 = DIRECTION ( 'NONE',  ( -0.000000000000000000, -0.000000000000000000, -1.000000000000000000 ) ) ;
#596 = CARTESIAN_POINT ( 'NONE',  ( 7.850000000000488143, 7.101408311031449649, 4.099999999999455191 ) ) ;
#597 =( NAMED_UNIT ( * ) SI_UNIT ( $, .STERADIAN. ) SOLID_ANGLE_UNIT ( ) );
#598 = CONICAL_SURFACE ( 'NONE', #311, 8.199999999998867750, 1.047197551197016185 ) ;
#599 = ADVANCED_FACE ( 'NONE', ( #401 ), #1133, .F. ) ;
#600 = ADVANCED_FACE ( 'NONE', ( #537 ), #1474, .T. ) ;
#601 = DIRECTION ( 'NONE',  ( 1.000000000000000000, -0.000000000000000000, 0.000000000000000000 ) ) ;
#602 = VECTOR ( 'NONE', #135, 1000.000000000000114 ) ;
#603 = FACE_OUTER_BOUND ( 'NONE', #9, .T. ) ;
#604 = CARTESIAN_POINT ( 'NONE',  ( 20.40145618282919671, -7.101408311031449649, -4.099999999999460520 ) ) ;
#605 = EDGE_LOOP ( 'NONE', ( #1483, #1120 ) ) ;
#606 = CARTESIAN_POINT ( 'NONE',  ( 22.35273840018159319, 1.926840439565769432E-15, 8.199999999998912159 ) ) ;
#607 = CARTESIAN_POINT ( 'NONE',  ( 11.97831216351370109, -7.101408311031450538, -4.099999999999455191 ) ) ;
#608 = CARTESIAN_POINT ( 'NONE',  ( 3.369157060542792959, 5.937655684555160462, 4.771892892165670474 ) ) ;
#609 = DIRECTION ( 'NONE',  ( 0.000000000000000000, 0.000000000000000000, 1.000000000000000000 ) ) ;
#610 = CARTESIAN_POINT ( 'NONE',  ( 17.91873802751382172, -7.101408311031449649, 1.945057678998102668 ) ) ;
#611 = ORIENTED_EDGE ( 'NONE', *, *, #1965, .F. ) ;
#612 = CARTESIAN_POINT ( 'NONE',  ( 17.84395618282909979, 5.694607616035865373E-16, -4.650000000000549250 ) ) ;
#613 = CARTESIAN_POINT ( 'NONE',  ( 3.369157060542799620, -1.163752626476289187, 7.528107107832689771 ) ) ;
#614 = DIRECTION ( 'NONE',  ( 1.000000000000000000, 0.000000000000000000, 0.000000000000000000 ) ) ;
#615 = CARTESIAN_POINT ( 'NONE',  ( 35.85895618282940234, 0.000000000000000000, 0.000000000000000000 ) ) ;
#616 = LINE ( 'NONE', #1373, #602 ) ;
#617 = DIRECTION ( 'NONE',  ( -6.240012503514681308E-17, -1.000000000000000000, 1.946887802200978065E-33 ) ) ;
#618 = EDGE_CURVE ( 'NONE', #1451, #1515, #1485, .T. ) ;
#619 = VERTEX_POINT ( 'NONE', #682 ) ;
#620 = DIRECTION ( 'NONE',  ( 0.000000000000000000, -1.000000000000000000, -1.324216393875020804E-16 ) ) ;
#621 = ORIENTED_EDGE ( 'NONE', *, *, #1464, .T. ) ;
#622 = STYLED_ITEM ( 'NONE', ( #1266 ), #592 ) ;
#623 = DIRECTION ( 'NONE',  ( 0.000000000000000000, -1.000000000000000000, 0.000000000000000000 ) ) ;
#624 = VECTOR ( 'NONE', #1548, 999.9999999999998863 ) ;
#625 = AXIS2_PLACEMENT_3D ( 'NONE', #320, #1844, #450 ) ;
#626 = DIRECTION ( 'NONE',  ( 0.000000000000000000, 0.000000000000000000, 1.000000000000000000 ) ) ;
#627 = CARTESIAN_POINT ( 'NONE',  ( 22.66147384798766851, -0.9262063434197401746, 7.665254518300385733 ) ) ;
#628 = ORIENTED_EDGE ( 'NONE', *, *, #1006, .F. ) ;
#629 = EDGE_CURVE ( 'NONE', #1747, #1316, #994, .T. ) ;
#630 = ORIENTED_EDGE ( 'NONE', *, *, #572, .T. ) ;
#631 = CARTESIAN_POINT ( 'NONE',  ( 17.91873802751381817, 7.101408311031449649, 1.945057678998096229 ) ) ;
#632 = ORIENTED_EDGE ( 'NONE', *, *, #2008, .F. ) ;
#633 = CARTESIAN_POINT ( 'NONE',  ( 3.721687836487940437, 9.741097715817777468E-16, -8.199999999998912159 ) ) ;
#634 = CARTESIAN_POINT ( 'NONE',  ( 17.84395618282909979, -7.101408311031450538, -0.8321658488595906622 ) ) ;
#635 = SURFACE_STYLE_FILL_AREA ( #1416 ) ;
#636 = CARTESIAN_POINT ( 'NONE',  ( 3.148052834101076947, -7.101408311031447873, 1.389993475731051031 ) ) ;
#637 = EDGE_LOOP ( 'NONE', ( #221, #1107, #36, #356 ) ) ;
#638 = ORIENTED_EDGE ( 'NONE', *, *, #102, .T. ) ;
#639 = CARTESIAN_POINT ( 'NONE',  ( 18.14143851767092386, 7.101408311031449649, 3.030509036602431649 ) ) ;
#640 = ORIENTED_EDGE ( 'NONE', *, *, #1675, .F. ) ;
#641 = CARTESIAN_POINT ( 'NONE',  ( 18.45017396547719812, -7.101408311031449649, 4.099999999999449862 ) ) ;
#642 = AXIS2_PLACEMENT_3D ( 'NONE', #1398, #187, #769 ) ;
#643 = EDGE_CURVE ( 'NONE', #474, #1139, #7, .T. ) ;
#644 = CARTESIAN_POINT ( 'NONE',  ( 15.54395618282929981, -3.275000000000550138, -3.340500000000560910 ) ) ;
#645 = DIRECTION ( 'NONE',  ( 0.000000000000000000, 0.000000000000000000, -1.000000000000000000 ) ) ;
#646 = ORIENTED_EDGE ( 'NONE', *, *, #189, .T. ) ;
#647 = ORIENTED_EDGE ( 'NONE', *, *, #1323, .F. ) ;
#648 = CARTESIAN_POINT ( 'NONE',  ( 3.528433506584018442, -0.5797629897117330122, 7.865273681822663399 ) ) ;
#649 = ORIENTED_EDGE ( 'NONE', *, *, #1127, .F. ) ;
#650 = VECTOR ( 'NONE', #1749, 999.9999999999998863 ) ;
#651 = DIRECTION ( 'NONE',  ( -0.7071067811861956320, 8.659560562359243243E-17, -0.7071067811868995134 ) ) ;
#652 = ADVANCED_FACE ( 'NONE', ( #706 ), #1013, .T. ) ;
#653 = EDGE_CURVE ( 'NONE', #107, #1865, #1927, .T. ) ;
#654 = B_SPLINE_CURVE_WITH_KNOTS ( 'NONE', 3,
 ( #1424, #1105, #1432, #25 ),
 .UNSPECIFIED., .F., .F.,
 ( 4, 4 ),
 ( 8.673617379884035472E-19, 0.003323588428093166968 ),
 .UNSPECIFIED. ) ;
#655 = FACE_OUTER_BOUND ( 'NONE', #841, .T. ) ;
#656 = CONICAL_SURFACE ( 'NONE', #1048, 8.199999999998887290, 1.047197551197017740 ) ;
#657 = CARTESIAN_POINT ( 'NONE',  ( 22.95895618282929718, -2.830027390241489638, 6.566082924428969569 ) ) ;
#658 = EDGE_LOOP ( 'NONE', ( #888, #1627, #743, #1788 ) ) ;
#659 = AXIS2_PLACEMENT_3D ( 'NONE', #456, #1669, #1228 ) ;
#660 = ORIENTED_EDGE ( 'NONE', *, *, #2005, .F. ) ;
#661 = CARTESIAN_POINT ( 'NONE',  ( 15.54395618282929981, 0.000000000000000000, 0.000000000000000000 ) ) ;
#662 = EDGE_LOOP ( 'NONE', ( #1150, #1618, #976 ) ) ;
#663 = LINE ( 'NONE', #318, #528 ) ;
#664 = CARTESIAN_POINT ( 'NONE',  ( 12.17180744574188367, -0.5804858466848895615, -7.864856340154623204 ) ) ;
#665 = FACE_OUTER_BOUND ( 'NONE', #1792, .T. ) ;
#666 = VERTEX_POINT ( 'NONE', #1033 ) ;
#667 = CARTESIAN_POINT ( 'NONE',  ( 17.84395618282909979, 7.101408311031448761, -0.8321658488595711223 ) ) ;
#668 = VERTEX_POINT ( 'NONE', #1002 ) ;
#669 = VERTEX_POINT ( 'NONE', #524 ) ;
#670 = DIRECTION ( 'NONE',  ( 1.000000000000000000, 0.000000000000000000, 0.000000000000000000 ) ) ;
#671 = CARTESIAN_POINT ( 'NONE',  ( 0.5000000000009129364, 0.000000000000000000, 0.000000000000000000 ) ) ;
#672 = DIRECTION ( 'NONE',  ( 0.000000000000000000, 0.000000000000000000, -1.000000000000000000 ) ) ;
#673 = CIRCLE ( 'NONE', #1165, 5.556249999999631761 ) ;
#674 = EDGE_CURVE ( 'NONE', #585, #1964, #495, .T. ) ;
#675 = DIRECTION ( 'NONE',  ( -1.000000000000000000, 0.000000000000000000, -0.000000000000000000 ) ) ;
#676 = EDGE_CURVE ( 'NONE', #53, #1195, #871, .T. ) ;
#677 = EDGE_CURVE ( 'NONE', #211, #1857, #1947, .T. ) ;
#678 = ORIENTED_EDGE ( 'NONE', *, *, #1752, .F. ) ;
#679 = CARTESIAN_POINT ( 'NONE',  ( 3.721687836487932444, -7.101408311031451426, 4.099999999999449862 ) ) ;
#680 = ORIENTED_EDGE ( 'NONE', *, *, #870, .T. ) ;
#681 = CARTESIAN_POINT ( 'NONE',  ( 22.95895618282929718, 1.214306433183764966E-14, -5.963111948670274387E-15 ) ) ;
#682 = CARTESIAN_POINT ( 'NONE',  ( 15.54395618282929981, 2.955072726342023402E-16, 2.412999999999559275 ) ) ;
#683 = CARTESIAN_POINT ( 'NONE',  ( 12.33147822951964656, 5.935584483135308176, -4.773088700862967215 ) ) ;
#684 = B_SPLINE_CURVE_WITH_KNOTS ( 'NONE', 3,
 ( #1980, #1530, #901, #588 ),
 .UNSPECIFIED., .F., .F.,
 ( 4, 4 ),
 ( 3.397562853745851739E-18, 0.003323588428093134442 ),
 .UNSPECIFIED. ) ;
#685 = FACE_OUTER_BOUND ( 'NONE', #843, .T. ) ;
#686 = AXIS2_PLACEMENT_3D ( 'NONE', #14, #171, #623 ) ;
#687 = ORIENTED_EDGE ( 'NONE', *, *, #732, .F. ) ;
#688 = AXIS2_PLACEMENT_3D ( 'NONE', #1703, #892, #163 ) ;
#689 = EDGE_LOOP ( 'NONE', ( #832, #1872, #863, #649 ) ) ;
#690 = CARTESIAN_POINT ( 'NONE',  ( 14.94395618282899996, 0.000000000000000000, 0.000000000000000000 ) ) ;
#691 = EDGE_LOOP ( 'NONE', ( #752, #1697, #852, #1459 ) ) ;
#692 = ORIENTED_EDGE ( 'NONE', *, *, #1358, .T. ) ;
#693 = DIRECTION ( 'NONE',  ( 0.000000000000000000, 0.000000000000000000, 1.000000000000000000 ) ) ;
#694 = B_SPLINE_CURVE_WITH_KNOTS ( 'NONE', 3,
 ( #1389, #1550, #1365, #1397 ),
 .UNSPECIFIED., .F., .F.,
 ( 4, 4 ),
 ( 6.992893892674702526E-18, 0.003323588428093154391 ),
 .UNSPECIFIED. ) ;
#695 = DIRECTION ( 'NONE',  ( 0.000000000000000000, -0.8660254037844387076, 0.4999999999999998890 ) ) ;
#696 = CARTESIAN_POINT ( 'NONE',  ( 11.97831216351370287, 7.101408311031449649, -4.099999999999449862 ) ) ;
#697 = CARTESIAN_POINT ( 'NONE',  ( 23.15435980834850582, -1.280538526853016220E-30, -1.280538526853016220E-30 ) ) ;
#698 = EDGE_LOOP ( 'NONE', ( #1570, #276, #866, #19 ) ) ;
#699 = VERTEX_POINT ( 'NONE', #1806 ) ;
#700 = LINE ( 'NONE', #378, #1213 ) ;
#701 = ORIENTED_EDGE ( 'NONE', *, *, #451, .T. ) ;
#702 = EDGE_LOOP ( 'NONE', ( #1579, #556, #1748, #1953 ) ) ;
#703 = EDGE_LOOP ( 'NONE', ( #1253, #1571 ) ) ;
#704 = CARTESIAN_POINT ( 'NONE',  ( 21.83395974271210349, 0.000000000000000000, 0.000000000000000000 ) ) ;
#705 = EDGE_CURVE ( 'NONE', #407, #854, #1653, .T. ) ;
#706 = FACE_OUTER_BOUND ( 'NONE', #637, .T. ) ;
#707 = SURFACE_STYLE_USAGE ( .BOTH. , #1230 ) ;
#708 = PRODUCT_DEFINITION_SHAPE ( 'NONE', 'NONE',  #1901 ) ;
#709 = CIRCLE ( 'NONE', #1098, 6.032611434726271149 ) ;
#710 = CARTESIAN_POINT ( 'NONE',  ( 12.69999999999980034, 8.892678035863126964E-16, -5.556249999999631761 ) ) ;
#711 = DIRECTION ( 'NONE',  ( 0.000000000000000000, -1.000000000000000000, 0.000000000000000000 ) ) ;
#712 = ORIENTED_EDGE ( 'NONE', *, *, #174, .T. ) ;
#713 = ORIENTED_EDGE ( 'NONE', *, *, #643, .F. ) ;
#714 = CARTESIAN_POINT ( 'NONE',  ( 0.5000000000009129364, 0.000000000000000000, 0.000000000000000000 ) ) ;
#715 = ADVANCED_FACE ( 'NONE', ( #412 ), #1593, .T. ) ;
#716 = DIRECTION ( 'NONE',  ( 0.000000000000000000, 0.000000000000000000, 1.000000000000000000 ) ) ;
#717 = EDGE_CURVE ( 'NONE', #974, #1857, #849, .T. ) ;
#718 =( LENGTH_UNIT ( ) NAMED_UNIT ( * ) SI_UNIT ( .MILLI., .METRE. ) );
#719 = EDGE_CURVE ( 'NONE', #856, #1088, #1192, .T. ) ;
#720 = CARTESIAN_POINT ( 'NONE',  ( 17.91873802751382172, -5.235173517354080985, -5.177471160500136449 ) ) ;
#721 = CIRCLE ( 'NONE', #1408, 2.413000000000470102 ) ;
#722 = DIRECTION ( 'NONE',  ( 1.000000000000000000, -0.000000000000000000, 0.000000000000000000 ) ) ;
#723 = VERTEX_POINT ( 'NONE', #225 ) ;
#724 = VECTOR ( 'NONE', #67, 1000.000000000000000 ) ;
#725 = VERTEX_POINT ( 'NONE', #65 ) ;
#726 = CARTESIAN_POINT ( 'NONE',  ( 11.97831216351370287, 7.101408311031449649, -4.099999999999449862 ) ) ;
#727 = CARTESIAN_POINT ( 'NONE',  ( 12.17156649341750452, -0.5797629897117488884, 7.865273681822654517 ) ) ;
#728 = DIRECTION ( 'NONE',  ( 0.000000000000000000, 1.000000000000000000, 0.000000000000000000 ) ) ;
#729 = CARTESIAN_POINT ( 'NONE',  ( 17.84395618282909979, -7.101408311031450538, 0.8321658488595375935 ) ) ;
#730 = CARTESIAN_POINT ( 'NONE',  ( 35.85895618282940234, 0.000000000000000000, 0.000000000000000000 ) ) ;
#731 = ORIENTED_EDGE ( 'NONE', *, *, #128, .T. ) ;
#732 = EDGE_CURVE ( 'NONE', #108, #159, #1988, .T. ) ;
#733 = ORIENTED_EDGE ( 'NONE', *, *, #154, .F. ) ;
#734 = PLANE ( 'NONE',  #562 ) ;
#735 = CARTESIAN_POINT ( 'NONE',  ( 22.95895618282929718, -2.168404344971008868E-16, -3.339342691255353657E-14 ) ) ;
#736 = DIRECTION ( 'NONE',  ( -1.000000000000000000, 0.000000000000000000, -0.000000000000000000 ) ) ;
#737 = DIRECTION ( 'NONE',  ( 0.000000000000000000, 0.000000000000000000, -1.000000000000000000 ) ) ;
#738 = CARTESIAN_POINT ( 'NONE',  ( 9.092900044027630757E-13, -6.578999999998888626, -6.578999999998888626 ) ) ;
#739 = EDGE_CURVE ( 'NONE', #376, #159, #1414, .T. ) ;
#740 = EDGE_CURVE ( 'NONE', #1009, #508, #721, .T. ) ;
#741 = ORIENTED_EDGE ( 'NONE', *, *, #957, .T. ) ;
#742 = EDGE_CURVE ( 'NONE', #1984, #121, #1996, .T. ) ;
#743 = ORIENTED_EDGE ( 'NONE', *, *, #1208, .T. ) ;
#744 = DIRECTION ( 'NONE',  ( 0.000000000000000000, 0.000000000000000000, 1.000000000000000000 ) ) ;
#745 = CARTESIAN_POINT ( 'NONE',  ( 3.721687836487940437, 1.214306433183766859E-14, 1.214306433183766859E-14 ) ) ;
#746 = CYLINDRICAL_SURFACE ( 'NONE', #1596, 6.350000000000360245 ) ;
#747 = FACE_OUTER_BOUND ( 'NONE', #1399, .T. ) ;
#748 = PLANE ( 'NONE',  #1860 ) ;
#749 = AXIS2_PLACEMENT_3D ( 'NONE', #414, #1655, #1963 ) ;
#750 = EDGE_CURVE ( 'NONE', #1933, #1558, #1422, .T. ) ;
#751 = VECTOR ( 'NONE', #1779, 1000.000000000000000 ) ;
#752 = ORIENTED_EDGE ( 'NONE', *, *, #927, .F. ) ;
#753 = CIRCLE ( 'NONE', #1856, 7.149999999999661959 ) ;
#754 = FACE_OUTER_BOUND ( 'NONE', #1, .T. ) ;
#755 = DIRECTION ( 'NONE',  ( 0.000000000000000000, 0.000000000000000000, 1.000000000000000000 ) ) ;
#756 = DIRECTION ( 'NONE',  ( 0.000000000000000000, 0.000000000000000000, 1.000000000000000000 ) ) ;
#757 = CONICAL_SURFACE ( 'NONE', #145, 7.149999999999618439, 1.047197551197301735 ) ;
#758 = DIRECTION ( 'NONE',  ( 0.000000000000000000, 0.000000000000000000, 1.000000000000000000 ) ) ;
#759 = CIRCLE ( 'NONE', #1536, 6.949999999999810107 ) ;
#760 = CARTESIAN_POINT ( 'NONE',  ( 46.15895618282910817, 0.000000000000000000, 0.000000000000000000 ) ) ;
#761 = CARTESIAN_POINT ( 'NONE',  ( 22.88417433814462854, -5.235173517354048123, 5.177471160500146219 ) ) ;
#762 = ORIENTED_EDGE ( 'NONE', *, *, #1504, .F. ) ;
#763 = DIRECTION ( 'NONE',  ( -1.000000000000000000, -0.000000000000000000, -0.000000000000000000 ) ) ;
#764 = CARTESIAN_POINT ( 'NONE',  ( 22.95895618282929718, 1.821459649775647449E-14, -3.144186300207962859E-15 ) ) ;
#765 = CYLINDRICAL_SURFACE ( 'NONE', #1892, 2.412999999999559275 ) ;
#766 = ADVANCED_FACE ( 'NONE', ( #113, #921 ), #1200, .T. ) ;
#767 = LINE ( 'NONE', #126, #1184 ) ;
#768 = VERTEX_POINT ( 'NONE', #1054 ) ;
#769 = DIRECTION ( 'NONE',  ( 0.000000000000000000, 0.000000000000000000, 1.000000000000000000 ) ) ;
#770 = ORIENTED_EDGE ( 'NONE', *, *, #1973, .F. ) ;
#771 = AXIS2_PLACEMENT_3D ( 'NONE', #206, #995, #57 ) ;
#772 = LINE ( 'NONE', #2, #978 ) ;
#773 = PRODUCT_CONTEXT ( 'NONE', #1387, 'mechanical' ) ;
#774 = PLANE ( 'NONE',  #1249 ) ;
#775 = CARTESIAN_POINT ( 'NONE',  ( 37.65895618282910817, 8.673617379884037444E-16, 8.673617379884037444E-16 ) ) ;
#776 = EDGE_CURVE ( 'NONE', #433, #723, #684, .T. ) ;
#777 = ORIENTED_EDGE ( 'NONE', *, *, #1763, .F. ) ;
#778 = CARTESIAN_POINT ( 'NONE',  ( 22.35273840018159675, -7.101408311031449649, -4.099999999999459632 ) ) ;
#779 = EDGE_LOOP ( 'NONE', ( #1068, #1617, #1934, #1489 ) ) ;
#780 = ORIENTED_EDGE ( 'NONE', *, *, #1752, .T. ) ;
#781 = DIRECTION ( 'NONE',  ( -1.000000000000000000, 0.000000000000000000, 0.000000000000000000 ) ) ;
#782 = CARTESIAN_POINT ( 'NONE',  ( 22.35273840018158964, 7.101408311031448761, 4.099999999999449862 ) ) ;
#783 = AXIS2_PLACEMENT_3D ( 'NONE', #764, #1209, #1393 ) ;
#784 = CARTESIAN_POINT ( 'NONE',  ( 37.65895618282910817, 1.625578010919572833E-15, -6.032611434726270261 ) ) ;
#785 = CONICAL_SURFACE ( 'NONE', #1346, 8.199999999998910383, 1.047197551197019516 ) ;
#786 = CARTESIAN_POINT ( 'NONE',  ( 12.61258437086818773, -7.101408311031449649, -0.6996870419926877194 ) ) ;
#787 = CARTESIAN_POINT ( 'NONE',  ( 3.087415629133098083, -7.101408311031450538, -0.6996870419927054829 ) ) ;
#788 = EDGE_LOOP ( 'NONE', ( #1456, #660, #1677 ) ) ;
#789 = ORIENTED_EDGE ( 'NONE', *, *, #1492, .F. ) ;
#790 = CARTESIAN_POINT ( 'NONE',  ( 0.5000000000009129364, 7.898971854499094531E-16, 6.449999999998910383 ) ) ;
#791 = EDGE_CURVE ( 'NONE', #1080, #723, #753, .T. ) ;
#792 = FACE_OUTER_BOUND ( 'NONE', #267, .T. ) ;
#793 = LINE ( 'NONE', #1734, #1282 ) ;
#794 = VERTEX_POINT ( 'NONE', #1512 ) ;
#795 = CARTESIAN_POINT ( 'NONE',  ( 17.84395618282909979, -2.830027390241491414, -6.566082924428970458 ) ) ;
#796 = CARTESIAN_POINT ( 'NONE',  ( 18.45017396547719457, 7.101408311031449649, 4.099999999999449862 ) ) ;
#797 = VERTEX_POINT ( 'NONE', #155 ) ;
#798 = ADVANCED_FACE ( 'NONE', ( #1987 ), #656, .T. ) ;
#799 = ORIENTED_EDGE ( 'NONE', *, *, #216, .F. ) ;
#800 = ADVANCED_FACE ( 'NONE', ( #460 ), #950, .T. ) ;
#801 = CARTESIAN_POINT ( 'NONE',  ( 18.45017396547719457, 7.101408311031449649, 4.099999999999449862 ) ) ;
#802 = ADVANCED_FACE ( 'NONE', ( #142 ), #765, .F. ) ;
#803 = FACE_OUTER_BOUND ( 'NONE', #923, .T. ) ;
#804 = CARTESIAN_POINT ( 'NONE',  ( 3.000000000000910383, 8.511295254072769285E-16, -6.949999999998910383 ) ) ;
#805 = VECTOR ( 'NONE', #226, 1000.000000000000114 ) ;
#806 = LINE ( 'NONE', #1735, #1503 ) ;
#807 = DIRECTION ( 'NONE',  ( 0.000000000000000000, -0.8660254037844380415, -0.5000000000000009992 ) ) ;
#808 = VERTEX_POINT ( 'NONE', #1395 ) ;
#809 = ORIENTED_EDGE ( 'NONE', *, *, #330, .F. ) ;
#810 = CARTESIAN_POINT ( 'NONE',  ( 17.84395618282909979, 4.271380920790007529, 5.733917075569368471 ) ) ;
#811 = CARTESIAN_POINT ( 'NONE',  ( 18.14143851767092386, 0.9262063434197369549, -7.665254518300386621 ) ) ;
#812 = CIRCLE ( 'NONE', #880, 3.275000000000999556 ) ;
#813 = CARTESIAN_POINT ( 'NONE',  ( 18.45017396547720523, 1.160042083125232252E-15, -8.199999999998912159 ) ) ;
#814 = AXIS2_PLACEMENT_3D ( 'NONE', #1994, #1190, #917 ) ;
#815 = LINE ( 'NONE', #494, #1247 ) ;
#816 = DIRECTION ( 'NONE',  ( 0.000000000000000000, 0.000000000000000000, 1.000000000000000000 ) ) ;
#817 = ADVANCED_FACE ( 'NONE', ( #1671 ), #746, .T. ) ;
#818 = ORIENTED_EDGE ( 'NONE', *, *, #1294, .F. ) ;
#819 = CIRCLE ( 'NONE', #1083, 6.350000000000360245 ) ;
#820 = DIRECTION ( 'NONE',  ( 0.000000000000000000, -0.8660254037844387076, 0.4999999999999998335 ) ) ;
#821 = ORIENTED_EDGE ( 'NONE', *, *, #534, .T. ) ;
#822 = CARTESIAN_POINT ( 'NONE',  ( 3.528192554259641067, -6.520922464346573300, 4.435143659843733488 ) ) ;
#823 = CARTESIAN_POINT ( 'NONE',  ( 22.95895618282929718, -7.101408311031449649, 0.8321658488595756742 ) ) ;
#824 = DIRECTION ( 'NONE',  ( 0.000000000000000000, 0.000000000000000000, -1.000000000000000000 ) ) ;
#825 = CARTESIAN_POINT ( 'NONE',  ( 3.000000000000910827, -1.353087022529465942E-32, -1.353087022529465942E-32 ) ) ;
#826 = B_SPLINE_CURVE_WITH_KNOTS ( 'NONE', 3,
 ( #1267, #1095, #487, #636, #1087, #787, #470, #478, #1714, #1845 ),
 .UNSPECIFIED., .F., .F.,
 ( 4, 2, 2, 2, 4 ),
 ( -0.004148771050928004751, -0.002074385525464000641, 3.469446951953614189E-18, 0.002074385525464008014, 0.004148771050928011690 ),
 .UNSPECIFIED. ) ;
#827 = CARTESIAN_POINT ( 'NONE',  ( 22.95895618282929718, 1.084202172485504434E-14, -1.176359357146772311E-14 ) ) ;
#828 = ADVANCED_FACE ( 'NONE', ( #1242 ), #1084, .T. ) ;
#829 = CARTESIAN_POINT ( 'NONE',  ( 46.45895618282930428, 3.440773836639453724E-16, 0.000000000000000000 ) ) ;
#830 = EDGE_LOOP ( 'NONE', ( #770, #316 ) ) ;
#831 = CARTESIAN_POINT ( 'NONE',  ( 22.95895618282929718, 7.101408311031448761, -0.8321658488595720105 ) ) ;
#832 = ORIENTED_EDGE ( 'NONE', *, *, #1885, .T. ) ;
#833 = DIRECTION ( 'NONE',  ( -1.000000000000000000, -0.000000000000000000, -0.000000000000000000 ) ) ;
#834 = PRODUCT ( 'SR48', 'SR48', '', ( #773 ) ) ;
#835 = CARTESIAN_POINT ( 'NONE',  ( 22.95895618282929718, 1.214306433183764966E-14, -5.963111948670274387E-15 ) ) ;
#836 = DIRECTION ( 'NONE',  ( 0.000000000000000000, 0.000000000000000000, 1.000000000000000000 ) ) ;
#837 = CIRCLE ( 'NONE', #1237, 7.149999999999634426 ) ;
#838 = EDGE_CURVE ( 'NONE', #794, #1730, #1695, .T. ) ;
#839 = CARTESIAN_POINT ( 'NONE',  ( 3.721687836487927559, -3.979161435700515282E-16, 8.199999999998913935 ) ) ;
#841 = EDGE_LOOP ( 'NONE', ( #818, #898, #184, #61, #1802, #1789 ) ) ;
#840 = ORIENTED_EDGE ( 'NONE', *, *, #1561, .T. ) ;
#842 = DIRECTION ( 'NONE',  ( -1.000000000000000000, 0.000000000000000000, -0.000000000000000000 ) ) ;
#843 = EDGE_LOOP ( 'NONE', ( #1791, #417, #1564, #1368, #933, #1955, #1911, #1436 ) ) ;
#844 = ORIENTED_EDGE ( 'NONE', *, *, #1763, .T. ) ;
#845 = DIRECTION ( 'NONE',  ( 0.000000000000000000, 0.000000000000000000, -1.000000000000000000 ) ) ;
#846 =( NAMED_UNIT ( * ) SI_UNIT ( $, .STERADIAN. ) SOLID_ANGLE_UNIT ( ) );
#847 = CIRCLE ( 'NONE', #912, 6.350000000000360245 ) ;
#848 = LINE ( 'NONE', #1014, #805 ) ;
#849 = CIRCLE ( 'NONE', #1078, 7.149999999999616662 ) ;
#850 = CARTESIAN_POINT ( 'NONE',  ( 22.66147384798767206, 0.9262063434197489453, -7.665254518300381292 ) ) ;
#851 = AXIS2_PLACEMENT_3D ( 'NONE', #1415, #476, #1091 ) ;
#852 = ORIENTED_EDGE ( 'NONE', *, *, #332, .T. ) ;
#853 = AXIS2_PLACEMENT_3D ( 'NONE', #518, #1623, #1775 ) ;
#854 = VERTEX_POINT ( 'NONE', #43 ) ;
#855 = FACE_OUTER_BOUND ( 'NONE', #1497, .T. ) ;
#856 = VERTEX_POINT ( 'NONE', #784 ) ;
#857 = ORIENTED_EDGE ( 'NONE', *, *, #1583, .T. ) ;
#858 = DIRECTION ( 'NONE',  ( 1.000000000000000000, -0.000000000000000000, 0.000000000000000000 ) ) ;
#859 = DIRECTION ( 'NONE',  ( -0.000000000000000000, -0.4999999999999998890, -0.8660254037844387076 ) ) ;
#860 = FACE_OUTER_BOUND ( 'NONE', #1810, .T. ) ;
#861 = UNCERTAINTY_MEASURE_WITH_UNIT (LENGTH_MEASURE( 1.000000000000000082E-05 ), #718, 'distance_accuracy_value', 'NONE');
#862 = CARTESIAN_POINT ( 'NONE',  ( 22.35273840018159675, -7.101408311031449649, -4.099999999999459632 ) ) ;
#863 = ORIENTED_EDGE ( 'NONE', *, *, #1138, .F. ) ;
#864 = EDGE_CURVE ( 'NONE', #668, #1418, #492, .T. ) ;
#865 = DIRECTION ( 'NONE',  ( -1.000000000000000000, 6.240012503514672680E-17, 6.240012503514672680E-17 ) ) ;
#866 = ORIENTED_EDGE ( 'NONE', *, *, #1580, .F. ) ;
#867 = EDGE_CURVE ( 'NONE', #1640, #1434, #210, .T. ) ;
#868 = ORIENTED_EDGE ( 'NONE', *, *, #1017, .T. ) ;
#869 = CARTESIAN_POINT ( 'NONE',  ( 15.54395618282929981, 4.336808689942017736E-16, -3.275000000000999556 ) ) ;
#870 = EDGE_CURVE ( 'NONE', #1640, #1819, #1859, .T. ) ;
#871 = LINE ( 'NONE', #547, #277 ) ;
#872 = LINE ( 'NONE', #1345, #424 ) ;
#873 = CONICAL_SURFACE ( 'NONE', #60, 2.413000000000470102, 1.047197551196737519 ) ;
#874 = CARTESIAN_POINT ( 'NONE',  ( 37.65895618282910817, 8.673617379884037444E-16, 6.032611434726272037 ) ) ;
#875 = DIRECTION ( 'NONE',  ( 6.240012503514672680E-17, 0.000000000000000000, 1.000000000000000000 ) ) ;
#876 = EDGE_LOOP ( 'NONE', ( #469, #249, #305 ) ) ;
#877 = VERTEX_POINT ( 'NONE', #634 ) ;
#878 = CARTESIAN_POINT ( 'NONE',  ( 22.88417433814463209, -7.101408311031449649, 1.945057678998050932 ) ) ;
#879 = DIRECTION ( 'NONE',  ( 0.000000000000000000, 0.000000000000000000, -1.000000000000000000 ) ) ;
#880 = AXIS2_PLACEMENT_3D ( 'NONE', #1278, #1251, #620 ) ;
#881 = DIRECTION ( 'NONE',  ( 0.4999999999996347921, 0.000000000000000000, -0.8660254037846495390 ) ) ;
#882 = ADVANCED_FACE ( 'NONE', ( #1272 ), #598, .T. ) ;
#883 = CIRCLE ( 'NONE', #109, 3.674999999998360245 ) ;
#884 = AXIS2_PLACEMENT_3D ( 'NONE', #1163, #1141, #1762 ) ;
#885 = CARTESIAN_POINT ( 'NONE',  ( 22.95895618282929718, -2.168404344971008868E-16, 7.149999999999629097 ) ) ;
#886 = ORIENTED_EDGE ( 'NONE', *, *, #571, .F. ) ;
#887 = CIRCLE ( 'NONE', #659, 7.149999999999634426 ) ;
#888 = ORIENTED_EDGE ( 'NONE', *, *, #1665, .F. ) ;
#889 = DIRECTION ( 'NONE',  ( 1.000000000000000000, -0.000000000000000000, 0.000000000000000000 ) ) ;
#890 = CARTESIAN_POINT ( 'NONE',  ( 12.55149243311085172, -2.343910501595435125, 6.846742640946394509 ) ) ;
#891 = CARTESIAN_POINT ( 'NONE',  ( 22.95895618282929718, -7.101408311031449649, 7.785844405009641811 ) ) ;
#892 = DIRECTION ( 'NONE',  ( -1.000000000000000000, 0.000000000000000000, -0.000000000000000000 ) ) ;
#893 = ADVANCED_FACE ( 'NONE', ( #1131 ), #985, .T. ) ;
#894 = EDGE_CURVE ( 'NONE', #1730, #1451, #663, .T. ) ;
#895 = FACE_BOUND ( 'NONE', #1340, .T. ) ;
#896 = B_SPLINE_CURVE_WITH_KNOTS ( 'NONE', 3,
 ( #1420, #1871, #1270, #21, #1881, #1707, #481, #465, #937, #325, #1557, #1099 ),
 .UNSPECIFIED., .F., .F.,
 ( 4, 2, 2, 2, 2, 4 ),
 ( 1.226634733346699349E-18, 0.002070384954541259169, 0.004140769909082516603, 0.005175962386353144019, 0.006211154863623773170, 0.008281539818165029737 ),
 .UNSPECIFIED. ) ;
#897 = VERTEX_POINT ( 'NONE', #1290 ) ;
#898 = ORIENTED_EDGE ( 'NONE', *, *, #1443, .T. ) ;
#899 = FACE_OUTER_BOUND ( 'NONE', #779, .T. ) ;
#900 = CARTESIAN_POINT ( 'NONE',  ( 12.55149243311084639, -4.757497809436014968, -5.453257359051977282 ) ) ;
#901 = CARTESIAN_POINT ( 'NONE',  ( 22.88417433814462498, -1.866234793677405079, -7.122528839498217579 ) ) ;
#902 = LINE ( 'NONE', #1522, #1960 ) ;
#903 = DIRECTION ( 'NONE',  ( 0.000000000000000000, 0.8660254037844381525, 0.5000000000000009992 ) ) ;
#904 = AXIS2_PLACEMENT_3D ( 'NONE', #1236, #1027, #263 ) ;
#905 = ORIENTED_EDGE ( 'NONE', *, *, #143, .T. ) ;
#906 = CARTESIAN_POINT ( 'NONE',  ( 12.33084293945863763, 7.101408311031448761, -2.756214215666985989 ) ) ;
#907 = CARTESIAN_POINT ( 'NONE',  ( 12.49724014902168889, -5.046998875482019642, 5.286113840639625749 ) ) ;
#908 = CARTESIAN_POINT ( 'NONE',  ( 18.45017396547719812, 1.474514954580286030E-14, 2.157562323246153824E-14 ) ) ;
#909 = CARTESIAN_POINT ( 'NONE',  ( 17.84395618282909979, -2.830027390241469654, 6.566082924428980228 ) ) ;
#910 = AXIS2_PLACEMENT_3D ( 'NONE', #3, #1709, #1412 ) ;
#911 = DIRECTION ( 'NONE',  ( -1.000000000000000000, 0.000000000000000000, 0.000000000000000000 ) ) ;
#912 = AXIS2_PLACEMENT_3D ( 'NONE', #554, #1790, #71 ) ;
#913 = AXIS2_PLACEMENT_3D ( 'NONE', #891, #300, #1223 ) ;
#914 = ORIENTED_EDGE ( 'NONE', *, *, #927, .T. ) ;
#915 = AXIS2_PLACEMENT_3D ( 'NONE', #704, #410, #260 ) ;
#916 = CARTESIAN_POINT ( 'NONE',  ( 22.35273840018159675, -7.101408311031448761, 4.099999999999449862 ) ) ;
#917 = DIRECTION ( 'NONE',  ( 1.146924612215864200E-15, -6.214658580015546668E-32, -1.000000000000000000 ) ) ;
#918 = ADVANCED_FACE ( 'NONE', ( #1113 ), #1265, .T. ) ;
#919 = PRESENTATION_STYLE_ASSIGNMENT (( #707 ) ) ;
#920 = AXIS2_PLACEMENT_3D ( 'NONE', #1044, #1663, #737 ) ;
#921 = FACE_OUTER_BOUND ( 'NONE', #1809, .T. ) ;
#922 = DIRECTION ( 'NONE',  ( 0.000000000000000000, -0.8660254037844379305, -0.5000000000000012212 ) ) ;
#923 = EDGE_LOOP ( 'NONE', ( #1862, #1668, #386, #1546 ) ) ;
#924 = CARTESIAN_POINT ( 'NONE',  ( 14.94395618282899996, 6.249525696898977518E-16, -4.650000000000549250 ) ) ;
#925 = APPLICATION_CONTEXT ( 'automotive_design' ) ;
#926 = VERTEX_POINT ( 'NONE', #1744 ) ;
#927 = EDGE_CURVE ( 'NONE', #1219, #1275, #1281, .T. ) ;
#928 = DIRECTION ( 'NONE',  ( -1.000000000000000000, 0.000000000000000000, 0.000000000000000000 ) ) ;
#929 = EDGE_CURVE ( 'NONE', #1713, #53, #1896, .T. ) ;
#930 = EDGE_CURVE ( 'NONE', #1865, #1058, #496, .T. ) ;
#931 = DIRECTION ( 'NONE',  ( 0.000000000000000000, 0.5000000000000009992, 0.8660254037844381525 ) ) ;
#932 = CARTESIAN_POINT ( 'NONE',  ( 0.5000000000009129364, 0.000000000000000000, -6.449999999998910383 ) ) ;
#933 = ORIENTED_EDGE ( 'NONE', *, *, #739, .F. ) ;
#934 = DIRECTION ( 'NONE',  ( -1.000000000000000000, 0.000000000000000000, 0.000000000000000000 ) ) ;
#935 = ORIENTED_EDGE ( 'NONE', *, *, #1585, .F. ) ;
#936 = ORIENTED_EDGE ( 'NONE', *, *, #1740, .F. ) ;
#937 = CARTESIAN_POINT ( 'NONE',  ( 3.202759850979670198, -2.054409435549417129, -7.013886159358750483 ) ) ;
#938 = FILL_AREA_STYLE ('',( #161 ) ) ;
#939 = CARTESIAN_POINT ( 'NONE',  ( 3.368521770481793354, 5.935584483135329492, -4.773088700862957445 ) ) ;
#940 = CARTESIAN_POINT ( 'NONE',  ( 17.91873802751382527, -1.866234793677379544, -7.122528839498232678 ) ) ;
#941 = CARTESIAN_POINT ( 'NONE',  ( 12.49724014902168712, -2.054409435549431340, -7.013886159358740713 ) ) ;
#942 = DIRECTION ( 'NONE',  ( 1.000000000000000000, -0.000000000000000000, -0.000000000000000000 ) ) ;
#943 = VERTEX_POINT ( 'NONE', #185 ) ;
#944 = ADVANCED_FACE ( 'NONE', ( #969 ), #774, .T. ) ;
#945 = ORIENTED_EDGE ( 'NONE', *, *, #509, .F. ) ;
#946 = AXIS2_PLACEMENT_3D ( 'NONE', #959, #1572, #191 ) ;
#947 = CARTESIAN_POINT ( 'NONE',  ( 7.850000000000488143, 7.101408311031449649, -4.099999999999449862 ) ) ;
#948 = CARTESIAN_POINT ( 'NONE',  ( 35.85895618282940234, 0.000000000000000000, 0.000000000000000000 ) ) ;
#949 = DIRECTION ( 'NONE',  ( 1.000000000000000000, 0.000000000000000000, 0.000000000000000000 ) ) ;
#950 = CONICAL_SURFACE ( 'NONE', #347, 6.949999999999810996, 1.047197551196844101 ) ;
#951 = AXIS2_PLACEMENT_3D ( 'NONE', #775, #441, #1064 ) ;
#952 = CARTESIAN_POINT ( 'NONE',  ( 11.97831216351370109, -7.101408311031450538, -4.099999999999455191 ) ) ;
#953 = EDGE_CURVE ( 'NONE', #1219, #533, #793, .T. ) ;
#954 = CARTESIAN_POINT ( 'NONE',  ( 22.35273840018159319, 1.926840439565769432E-15, 8.199999999998912159 ) ) ;
#955 = ORIENTED_EDGE ( 'NONE', *, *, #1347, .T. ) ;
#956 = EDGE_CURVE ( 'NONE', #365, #1217, #352, .T. ) ;
#957 = EDGE_CURVE ( 'NONE', #585, #943, #1778, .T. ) ;
#958 = ORIENTED_EDGE ( 'NONE', *, *, #116, .T. ) ;
#959 = CARTESIAN_POINT ( 'NONE',  ( 18.45017396547719812, -1.127570259384924611E-14, 1.994931997373328159E-14 ) ) ;
#960 = DIRECTION ( 'NONE',  ( -1.000000000000000000, 0.000000000000000000, -0.000000000000000000 ) ) ;
#961 = CARTESIAN_POINT ( 'NONE',  ( 22.95895618282929718, -2.168404344971008868E-16, 7.149999999999629097 ) ) ;
#962 = DIRECTION ( 'NONE',  ( 0.000000000000000000, 0.000000000000000000, 1.000000000000000000 ) ) ;
#963 = FACE_OUTER_BOUND ( 'NONE', #702, .T. ) ;
#964 = EDGE_LOOP ( 'NONE', ( #564, #1111, #1094, #1049 ) ) ;
#965 = ADVANCED_FACE ( 'NONE', ( #1905 ), #514, .T. ) ;
#966 = ORIENTED_EDGE ( 'NONE', *, *, #242, .T. ) ;
#967 = CARTESIAN_POINT ( 'NONE',  ( 18.14143851767092741, 6.175201967611744003, 4.634745481697956748 ) ) ;
#968 = CARTESIAN_POINT ( 'NONE',  ( 3.087196017389091995, 3.845790411681304644, -5.979631870567823526 ) ) ;
#969 = FACE_OUTER_BOUND ( 'NONE', #287, .T. ) ;
#970 = CIRCLE ( 'NONE', #771, 7.149999999999629097 ) ;
#971 = AXIS2_PLACEMENT_3D ( 'NONE', #1394, #2003, #614 ) ;
#972 = CARTESIAN_POINT ( 'NONE',  ( 12.33111664277186925, -7.101408311031447873, -2.755204958897896628 ) ) ;
#973 = DIRECTION ( 'NONE',  ( -0.7071067811881621701, 8.659560562335160799E-17, -0.7071067811849329754 ) ) ;
#974 = VERTEX_POINT ( 'NONE', #1491 ) ;
#975 = CARTESIAN_POINT ( 'NONE',  ( 22.88417433814462854, 1.866234793677405523, -7.122528839498214026 ) ) ;
#976 = ORIENTED_EDGE ( 'NONE', *, *, #125, .F. ) ;
#977 = CARTESIAN_POINT ( 'NONE',  ( 18.45017396547719812, -2.168404344971008868E-16, -4.510281037539698445E-14 ) ) ;
#978 = VECTOR ( 'NONE', #1863, 999.9999999999998863 ) ;
#979 = CARTESIAN_POINT ( 'NONE',  ( 18.45017396547720523, 1.160042083125232252E-15, -8.199999999998912159 ) ) ;
#980 = AXIS2_PLACEMENT_3D ( 'NONE', #1204, #722, #1972 ) ;
#981 = DIRECTION ( 'NONE',  ( -1.000000000000000000, 0.000000000000000000, -0.000000000000000000 ) ) ;
#982 = ADVANCED_FACE ( 'NONE', ( #1472 ), #785, .T. ) ;
#983 = TOROIDAL_SURFACE ( 'NONE', #814, 6.050000000001090505, 0.2999999999992828403 ) ;
#984 = DIRECTION ( 'NONE',  ( 0.000000000000000000, 0.000000000000000000, 1.000000000000000000 ) ) ;
#985 = CONICAL_SURFACE ( 'NONE', #851, 4.649999999999640643, 0.7853981633979459920 ) ;
#986 = DIRECTION ( 'NONE',  ( 0.000000000000000000, 0.000000000000000000, 1.000000000000000000 ) ) ;
#987 = VECTOR ( 'NONE', #881, 999.9999999999998863 ) ;
#988 = DIRECTION ( 'NONE',  ( -1.000000000000000000, 1.146924612215875441E-15, 0.000000000000000000 ) ) ;
#989 = EDGE_LOOP ( 'NONE', ( #1321, #399, #966, #1722 ) ) ;
#990 = FACE_OUTER_BOUND ( 'NONE', #519, .T. ) ;
#991 = ORIENTED_EDGE ( 'NONE', *, *, #75, .F. ) ;
#992 = CARTESIAN_POINT ( 'NONE',  ( 18.14143851767093096, 6.175201967611742226, -4.634745481697957636 ) ) ;
#993 = ADVANCED_FACE ( 'NONE', ( #1341 ), #1761, .T. ) ;
#994 = LINE ( 'NONE', #420, #1437 ) ;
#995 = DIRECTION ( 'NONE',  ( 1.000000000000000000, -0.000000000000000000, 0.000000000000000000 ) ) ;
#996 = CARTESIAN_POINT ( 'NONE',  ( 18.14143851767092741, 7.101408311031449649, -3.030509036602420103 ) ) ;
#997 = EDGE_LOOP ( 'NONE', ( #821, #731, #541 ) ) ;
#998 = CARTESIAN_POINT ( 'NONE',  ( 14.03770618282990235, -2.708000484234200675E-31, -2.708000484234200675E-31 ) ) ;
#999 = ORIENTED_EDGE ( 'NONE', *, *, #1580, .T. ) ;
#1000 = EDGE_LOOP ( 'NONE', ( #1831, #914, #712, #1260 ) ) ;
#1001 = CARTESIAN_POINT ( 'NONE',  ( 21.83395974271210349, 2.955072726343139640E-16, 2.413000000000470546 ) ) ;
#1002 = CARTESIAN_POINT ( 'NONE',  ( 0.3999999999996361466, 1.516669831204948234E-29, 3.275000000001000444 ) ) ;
#1003 = DIRECTION ( 'NONE',  ( -1.000000000000000000, -0.000000000000000000, -0.000000000000000000 ) ) ;
#1004 = CIRCLE ( 'NONE', #1521, 6.949999999998901501 ) ;
#1005 = CARTESIAN_POINT ( 'NONE',  ( 22.35273840018159319, 4.322895163554012911E-16, -8.199999999998912159 ) ) ;
#1006 = EDGE_CURVE ( 'NONE', #1449, #1275, #38, .T. ) ;
#1007 = VERTEX_POINT ( 'NONE', #1155 ) ;
#1008 = LINE ( 'NONE', #1299, #650 ) ;
#1009 = VERTEX_POINT ( 'NONE', #1001 ) ;
#1010 = EDGE_LOOP ( 'NONE', ( #1369, #1869, #409 ) ) ;
#1011 = CARTESIAN_POINT ( 'NONE',  ( 22.95895618282929718, -2.168404344971008868E-16, -3.339342691255353657E-14 ) ) ;
#1012 = CARTESIAN_POINT ( 'NONE',  ( 23.15435980834850582, -1.280538526853016220E-30, -1.280538526853016220E-30 ) ) ;
#1013 = TOROIDAL_SURFACE ( 'NONE', #1142, 6.449999999998910383, 0.4999999999999996669 ) ;
#1014 = CARTESIAN_POINT ( 'NONE',  ( 17.84395618282909979, 4.271380920789981772, -5.733917075569380017 ) ) ;
#1015 = ADVANCED_FACE ( 'NONE', ( #64 ), #375, .F. ) ;
#1016 = CARTESIAN_POINT ( 'NONE',  ( 12.33084293945863941, 5.937655684555139146, 4.771892892165683797 ) ) ;
#1017 = EDGE_CURVE ( 'NONE', #1195, #566, #1312, .T. ) ;
#1018 = EDGE_CURVE ( 'NONE', #1149, #1984, #1850, .T. ) ;
#1019 = VECTOR ( 'NONE', #147, 1000.000000000000000 ) ;
#1020 = DIRECTION ( 'NONE',  ( -7.381802025432076466E-16, 0.000000000000000000, -1.000000000000000000 ) ) ;
#1021 = ORIENTED_EDGE ( 'NONE', *, *, #1208, .F. ) ;
#1022 = VERTEX_POINT ( 'NONE', #400 ) ;
#1023 = CARTESIAN_POINT ( 'NONE',  ( 17.91873802751382172, 5.235173517354069439, -5.177471160500133784 ) ) ;
#1024 = DIRECTION ( 'NONE',  ( 0.000000000000000000, 0.000000000000000000, -1.000000000000000000 ) ) ;
#1025 = CARTESIAN_POINT ( 'NONE',  ( 17.84395618282909979, 7.372574772901430151E-15, 7.264154555652879708E-15 ) ) ;
#1026 = UNCERTAINTY_MEASURE_WITH_UNIT (LENGTH_MEASURE( 1.000000000000000082E-05 ), #1117, 'distance_accuracy_value', 'NONE');
#1027 = DIRECTION ( 'NONE',  ( 1.000000000000000000, 0.000000000000000000, 0.000000000000000000 ) ) ;
#1028 = CARTESIAN_POINT ( 'NONE',  ( 37.65895618282910817, 0.000000000000000000, 6.350000000000360245 ) ) ;
#1029 = ORIENTED_EDGE ( 'NONE', *, *, #1104, .F. ) ;
#1030 = ORIENTED_EDGE ( 'NONE', *, *, #536, .T. ) ;
#1031 = DIRECTION ( 'NONE',  ( -1.000000000000000000, 3.122111992759364547E-16, 3.122111992759364547E-16 ) ) ;
#1032 = DIRECTION ( 'NONE',  ( 1.000000000000000000, 0.000000000000000000, 0.000000000000000000 ) ) ;
#1033 = CARTESIAN_POINT ( 'NONE',  ( 17.84395618282909979, -7.101408311031450538, 0.8321658488595375935 ) ) ;
#1034 = EDGE_CURVE ( 'NONE', #1009, #388, #1641, .T. ) ;
#1035 = CIRCLE ( 'NONE', #485, 2.412999999999559275 ) ;
#1036 = CARTESIAN_POINT ( 'NONE',  ( 22.35273840018159675, -7.101408311031449649, -4.099999999999459632 ) ) ;
#1037 = CARTESIAN_POINT ( 'NONE',  ( 22.35273840018158964, 7.101408311031448761, 4.099999999999449862 ) ) ;
#1038 = ORIENTED_EDGE ( 'NONE', *, *, #47, .F. ) ;
#1039 = VERTEX_POINT ( 'NONE', #567 ) ;
#1040 = CARTESIAN_POINT ( 'NONE',  ( 46.45895618282930428, 3.440773836639453724E-16, 0.000000000000000000 ) ) ;
#1041 = CARTESIAN_POINT ( 'NONE',  ( 3.202759850979648437, 7.101408311031450538, 1.727772318719126954 ) ) ;
#1042 = EDGE_CURVE ( 'NONE', #388, #1747, #1925, .T. ) ;
#1043 = CARTESIAN_POINT ( 'NONE',  ( 3.528192554259634850, 0.5804858466848761278, 7.864856340154630310 ) ) ;
#1044 = CARTESIAN_POINT ( 'NONE',  ( 13.16188021535160146, 7.101408311031449649, 4.099999999999449862 ) ) ;
#1045 = CIRCLE ( 'NONE', #1435, 6.949999999998909495 ) ;
#1046 = CARTESIAN_POINT ( 'NONE',  ( 22.66147384798767206, -6.175201967611712917, 4.634745481697974512 ) ) ;
#1047 = AXIS2_PLACEMENT_3D ( 'NONE', #515, #1273, #984 ) ;
#1048 = AXIS2_PLACEMENT_3D ( 'NONE', #908, #124, #134 ) ;
#1049 = ORIENTED_EDGE ( 'NONE', *, *, #705, .F. ) ;
#1050 = CIRCLE ( 'NONE', #1733, 6.350000000000360245 ) ;
#1051 = VERTEX_POINT ( 'NONE', #535 ) ;
#1052 = CARTESIAN_POINT ( 'NONE',  ( 22.95895618282929718, -2.602085213965210642E-15, 2.059984127722458425E-15 ) ) ;
#1053 = FACE_OUTER_BOUND ( 'NONE', #234, .T. ) ;
#1054 = CARTESIAN_POINT ( 'NONE',  ( 17.84395618282909979, 2.830027390241475871, 6.566082924428978451 ) ) ;
#1055 = B_SPLINE_CURVE_WITH_KNOTS ( 'NONE', 3,
 ( #1804, #878, #2001, #916 ),
 .UNSPECIFIED., .F., .F.,
 ( 4, 4 ),
 ( 2.818925648462311528E-18, 0.003323588428093101482 ),
 .UNSPECIFIED. ) ;
#1056 = CARTESIAN_POINT ( 'NONE',  ( 12.69999999999980034, 0.000000000000000000, 0.000000000000000000 ) ) ;
#1057 = LINE ( 'NONE', #1990, #1019 ) ;
#1058 = VERTEX_POINT ( 'NONE', #380 ) ;
#1059 = ORIENTED_EDGE ( 'NONE', *, *, #1923, .F. ) ;
#1060 = CARTESIAN_POINT ( 'NONE',  ( 12.54016738964442723, 7.101408311031450538, 1.383713732494756821 ) ) ;
#1061 = CARTESIAN_POINT ( 'NONE',  ( 3.087862343602670201, 7.101408311031448761, -0.7049849529499622180 ) ) ;
#1062 = CARTESIAN_POINT ( 'NONE',  ( 12.69999999999980034, 4.176468516202211666E-16, 4.176468516202211666E-16 ) ) ;
#1063 = DIRECTION ( 'NONE',  ( -1.000000000000000000, 0.000000000000000000, -0.000000000000000000 ) ) ;
#1064 = DIRECTION ( 'NONE',  ( 0.000000000000000000, 0.000000000000000000, 1.000000000000000000 ) ) ;
#1065 = CARTESIAN_POINT ( 'NONE',  ( 18.14143851767092386, -7.101408311031449649, 3.030509036602409445 ) ) ;
#1066 = AXIS2_PLACEMENT_3D ( 'NONE', #827, #1746, #1463 ) ;
#1067 = PRESENTATION_LAYER_ASSIGNMENT (  '', '', ( #1101 ) ) ;
#1068 = ORIENTED_EDGE ( 'NONE', *, *, #705, .T. ) ;
#1069 = DIRECTION ( 'NONE',  ( 1.000000000000000000, 0.000000000000000000, 0.000000000000000000 ) ) ;
#1070 = CARTESIAN_POINT ( 'NONE',  ( 12.17180744574188722, -6.520922464346559089, 4.435143659843740593 ) ) ;
#1071 = CARTESIAN_POINT ( 'NONE',  ( 18.45017396547719812, 7.101408311031449649, -4.099999999999449862 ) ) ;
#1072 = CARTESIAN_POINT ( 'NONE',  ( 3.087862343602666648, 4.161239034056169572, 5.797507523524198625 ) ) ;
#1073 = DIRECTION ( 'NONE',  ( 0.000000000000000000, -0.8660254037844381525, -0.5000000000000008882 ) ) ;
#1074 = AXIS2_PLACEMENT_3D ( 'NONE', #1439, #1100, #491 ) ;
#1075 = DIRECTION ( 'NONE',  ( 0.000000000000000000, 0.000000000000000000, -1.000000000000000000 ) ) ;
#1076 = AXIS2_PLACEMENT_3D ( 'NONE', #542, #532, #397 ) ;
#1077 = ADVANCED_FACE ( 'NONE', ( #1608 ), #1633, .T. ) ;
#1078 = AXIS2_PLACEMENT_3D ( 'NONE', #569, #1610, #1453 ) ;
#1079 = ADVANCED_FACE ( 'NONE', ( #236 ), #757, .T. ) ;
#1080 = VERTEX_POINT ( 'NONE', #1309 ) ;
#1081 = DIRECTION ( 'NONE',  ( 0.000000000000000000, 0.000000000000000000, 1.000000000000000000 ) ) ;
#1082 = CARTESIAN_POINT ( 'NONE',  ( 3.721687836487940437, 1.314727470713836712E-14, 8.199999999998937028 ) ) ;
#1083 = AXIS2_PLACEMENT_3D ( 'NONE', #1908, #561, #1636 ) ;
#1084 = PLANE ( 'NONE',  #1144 ) ;
#1085 = PLANE ( 'NONE',  #920 ) ;
#1086 = ORIENTED_EDGE ( 'NONE', *, *, #1561, .F. ) ;
#1087 = CARTESIAN_POINT ( 'NONE',  ( 3.087415629133097195, -7.101408311031450538, 0.6996870419927077034 ) ) ;
#1088 = VERTEX_POINT ( 'NONE', #1176 ) ;
#1089 = LINE ( 'NONE', #1082, #1403 ) ;
#1090 = CARTESIAN_POINT ( 'NONE',  ( 14.03770618282990235, 9.540979117872456374E-15, 9.540979117872456374E-15 ) ) ;
#1091 = DIRECTION ( 'NONE',  ( 0.000000000000000000, 0.000000000000000000, 1.000000000000000000 ) ) ;
#1092 = ORIENTED_EDGE ( 'NONE', *, *, #1609, .F. ) ;
#1093 = PLANE ( 'NONE',  #1921 ) ;
#1094 = ORIENTED_EDGE ( 'NONE', *, *, #510, .F. ) ;
#1095 = CARTESIAN_POINT ( 'NONE',  ( 3.528340145094332581, -7.101408311031447873, 3.430223949959718688 ) ) ;
#1096 = EDGE_LOOP ( 'NONE', ( #167, #256, #1479, #1328 ) ) ;
#1097 = EDGE_LOOP ( 'NONE', ( #1553, #231, #611, #1715 ) ) ;
#1098 = AXIS2_PLACEMENT_3D ( 'NONE', #1284, #1785, #1899 ) ;
#1099 = CARTESIAN_POINT ( 'NONE',  ( 3.721687836487940437, 9.741097715817777468E-16, -8.199999999998912159 ) ) ;
#1100 = DIRECTION ( 'NONE',  ( 1.000000000000000000, -0.000000000000000000, 0.000000000000000000 ) ) ;
#1101 = STYLED_ITEM ( 'NONE', ( #919 ), #1191 ) ;
#1102 = DIRECTION ( 'NONE',  ( 0.000000000000000000, -1.000000000000000000, 0.000000000000000000 ) ) ;
#1103 = EDGE_CURVE ( 'NONE', #365, #511, #1827, .T. ) ;
#1104 = EDGE_CURVE ( 'NONE', #897, #1298, #1280, .T. ) ;
#1105 = CARTESIAN_POINT ( 'NONE',  ( 18.14143851767092741, -7.101408311031449649, -3.030509036602433426 ) ) ;
#1106 = FACE_BOUND ( 'NONE', #1509, .T. ) ;
#1107 = ORIENTED_EDGE ( 'NONE', *, *, #89, .T. ) ;
#1108 = ORIENTED_EDGE ( 'NONE', *, *, #1252, .F. ) ;
#1109 = AXIS2_PLACEMENT_3D ( 'NONE', #977, #1759, #1458 ) ;
#1110 = DIRECTION ( 'NONE',  ( -1.000000000000000000, 0.000000000000000000, -0.000000000000000000 ) ) ;
#1111 = ORIENTED_EDGE ( 'NONE', *, *, #202, .F. ) ;
#1112 = CIRCLE ( 'NONE', #783, 7.149999999999645972 ) ;
#1113 = FACE_OUTER_BOUND ( 'NONE', #166, .T. ) ;
#1114 = EDGE_CURVE ( 'NONE', #121, #286, #1876, .T. ) ;
#1115 = VECTOR ( 'NONE', #484, 1000.000000000000000 ) ;
#1116 = VECTOR ( 'NONE', #675, 1000.000000000000000 ) ;
#1117 =( LENGTH_UNIT ( ) NAMED_UNIT ( * ) SI_UNIT ( .MILLI., .METRE. ) );
#1118 = FACE_OUTER_BOUND ( 'NONE', #1097, .T. ) ;
#1119 = ORIENTED_EDGE ( 'NONE', *, *, #1823, .T. ) ;
#1120 = ORIENTED_EDGE ( 'NONE', *, *, #643, .T. ) ;
#1121 = DIRECTION ( 'NONE',  ( 1.000000000000000000, -0.000000000000000000, -0.000000000000000000 ) ) ;
#1122 = DIRECTION ( 'NONE',  ( -3.122111992759354193E-16, -1.000000000000000000, -1.717161596017647912E-15 ) ) ;
#1123 = DIRECTION ( 'NONE',  ( -1.146924612215864200E-15, -1.000000000000000000, -1.315436066106510412E-30 ) ) ;
#1124 = CARTESIAN_POINT ( 'NONE',  ( 17.84395618282909979, 0.000000000000000000, 4.650000000000549250 ) ) ;
#1125 = FACE_OUTER_BOUND ( 'NONE', #698, .T. ) ;
#1126 = ORIENTED_EDGE ( 'NONE', *, *, #2009, .F. ) ;
#1127 = EDGE_CURVE ( 'NONE', #337, #508, #88, .T. ) ;
#1128 = EDGE_LOOP ( 'NONE', ( #244, #799, #17, #323 ) ) ;
#1129 = CARTESIAN_POINT ( 'NONE',  ( 17.84395618282909979, 7.101408311031448761, -0.8321658488595711223 ) ) ;
#1130 = DIRECTION ( 'NONE',  ( 1.000000000000000000, -3.122111992759369970E-16, -3.122111992759369970E-16 ) ) ;
#1131 = FACE_OUTER_BOUND ( 'NONE', #502, .T. ) ;
#1132 = CONICAL_SURFACE ( 'NONE', #1620, 8.199999999998924594, 1.047197551196603182 ) ;
#1133 = CYLINDRICAL_SURFACE ( 'NONE', #1180, 4.700000000000729372 ) ;
#1134 = CARTESIAN_POINT ( 'NONE',  ( 22.95895618282929718, 1.821459649775647449E-14, -3.144186300207962859E-15 ) ) ;
#1135 = CARTESIAN_POINT ( 'NONE',  ( 14.94395618282899996, 0.000000000000000000, 0.000000000000000000 ) ) ;
#1136 = ORIENTED_EDGE ( 'NONE', *, *, #1294, .T. ) ;
#1137 = CYLINDRICAL_SURFACE ( 'NONE', #342, 5.556249999999631761 ) ;
#1138 = EDGE_CURVE ( 'NONE', #508, #1009, #1795, .T. ) ;
#1139 = VERTEX_POINT ( 'NONE', #869 ) ;
#1140 = VECTOR ( 'NONE', #865, 1000.000000000000000 ) ;
#1141 = DIRECTION ( 'NONE',  ( -1.000000000000000000, 7.381802025432073508E-16, 7.381802025432073508E-16 ) ) ;
#1142 = AXIS2_PLACEMENT_3D ( 'NONE', #671, #1311, #1024 ) ;
#1143 = CARTESIAN_POINT ( 'NONE',  ( 7.850000000000488143, -7.101408311031449649, -4.099999999999449862 ) ) ;
#1144 = AXIS2_PLACEMENT_3D ( 'NONE', #1702, #728, #879 ) ;
#1145 = CARTESIAN_POINT ( 'NONE',  ( 22.95895618282929718, -7.101408311031449649, -0.8321658488595551351 ) ) ;
#1146 = CIRCLE ( 'NONE', #1780, 6.350000000000360245 ) ;
#1147 = B_SPLINE_CURVE_WITH_KNOTS ( 'NONE', 3,
 ( #801, #967, #199, #810 ),
 .UNSPECIFIED., .F., .F.,
 ( 4, 4 ),
 ( 0.000000000000000000, 0.003323588428093123166 ),
 .UNSPECIFIED. ) ;
#1148 = CARTESIAN_POINT ( 'NONE',  ( 14.03770618282990235, 9.540979117872456374E-15, 9.540979117872456374E-15 ) ) ;
#1150 = ORIENTED_EDGE ( 'NONE', *, *, #717, .F. ) ;
#1149 = VERTEX_POINT ( 'NONE', #98 ) ;
#1151 = FACE_OUTER_BOUND ( 'NONE', #1186, .T. ) ;
#1152 = ORIENTED_EDGE ( 'NONE', *, *, #1285, .T. ) ;
#1153 = ORIENTED_EDGE ( 'NONE', *, *, #1739, .T. ) ;
#1154 = EDGE_LOOP ( 'NONE', ( #1889, #82, #87, #762 ) ) ;
#1155 = CARTESIAN_POINT ( 'NONE',  ( 22.95895618282929718, -4.271380920789979108, -5.733917075569385347 ) ) ;
#1156 = CYLINDRICAL_SURFACE ( 'NONE', #1523, 3.275000000001000000 ) ;
#1157 = CARTESIAN_POINT ( 'NONE',  ( 22.88417433814462854, -7.101408311031449649, -1.945057678998066475 ) ) ;
#1159 = ORIENTED_EDGE ( 'NONE', *, *, #1234, .F. ) ;
#1158 = VERTEX_POINT ( 'NONE', #215 ) ;
#1160 = DIRECTION ( 'NONE',  ( 0.000000000000000000, 0.000000000000000000, 1.000000000000000000 ) ) ;
#1161 = ORIENTED_EDGE ( 'NONE', *, *, #870, .F. ) ;
#1162 = ORIENTED_EDGE ( 'NONE', *, *, #293, .F. ) ;
#1163 = CARTESIAN_POINT ( 'NONE',  ( 23.15435980834850582, -1.280538526853016220E-30, -1.280538526853016220E-30 ) ) ;
#1164 = ADVANCED_FACE ( 'NONE', ( #899 ), #1658, .T. ) ;
#1165 = AXIS2_PLACEMENT_3D ( 'NONE', #1545, #1274, #1877 ) ;
#1166 = CARTESIAN_POINT ( 'NONE',  ( 17.84395618282909979, 7.101408311031449649, 0.000000000000000000 ) ) ;
#1167 = ADVANCED_FACE ( 'NONE', ( #1993, #418 ), #734, .T. ) ;
#1168 = LINE ( 'NONE', #46, #583 ) ;
#1169 =( GEOMETRIC_REPRESENTATION_CONTEXT ( 3 ) GLOBAL_UNCERTAINTY_ASSIGNED_CONTEXT ( ( #861 ) ) GLOBAL_UNIT_ASSIGNED_CONTEXT ( ( #718, #459, #1181 ) ) REPRESENTATION_CONTEXT ( 'NONE', 'WORKASPACE' ) );
#1170 = EDGE_CURVE ( 'NONE', #69, #107, #1055, .T. ) ;
#1171 = CARTESIAN_POINT ( 'NONE',  ( 17.91873802751382172, 7.101408311031449649, -1.945057678998103112 ) ) ;
#1172 = ORIENTED_EDGE ( 'NONE', *, *, #1196, .F. ) ;
#1173 = DIRECTION ( 'NONE',  ( -1.000000000000000000, 0.000000000000000000, 0.000000000000000000 ) ) ;
#1174 = ORIENTED_EDGE ( 'NONE', *, *, #653, .F. ) ;
#1175 = EDGE_LOOP ( 'NONE', ( #868, #482 ) ) ;
#1176 = CARTESIAN_POINT ( 'NONE',  ( 35.85895618282940234, 1.645012455447017334E-15, -6.350000000000360245 ) ) ;
#1177 = CONICAL_SURFACE ( 'NONE', #1074, 8.199999999998922817, 1.047197551197019516 ) ;
#1178 = AXIS2_PLACEMENT_3D ( 'NONE', #690, #842, #1469 ) ;
#1179 = DIRECTION ( 'NONE',  ( -0.000000000000000000, -0.000000000000000000, 1.000000000000000000 ) ) ;
#1180 = AXIS2_PLACEMENT_3D ( 'NONE', #1012, #78, #558 ) ;
#1181 =( NAMED_UNIT ( * ) SI_UNIT ( $, .STERADIAN. ) SOLID_ANGLE_UNIT ( ) );
#1182 = AXIS2_PLACEMENT_3D ( 'NONE', #1772, #833, #1783 ) ;
#1183 = CARTESIAN_POINT ( 'NONE',  ( 12.49724014902168001, 2.054409435549432228, 7.013886159358738048 ) ) ;
#1184 = VECTOR ( 'NONE', #1243, 1000.000000000000000 ) ;
#1185 = DIRECTION ( 'NONE',  ( -1.000000000000000000, 0.000000000000000000, -0.000000000000000000 ) ) ;
#1186 = EDGE_LOOP ( 'NONE', ( #935, #701, #190, #379 ) ) ;
#1187 = ORIENTED_EDGE ( 'NONE', *, *, #864, .T. ) ;
#1188 = ORIENTED_EDGE ( 'NONE', *, *, #676, .F. ) ;
#1189 = DIRECTION ( 'NONE',  ( 0.000000000000000000, -0.8660254037844390407, 0.4999999999999993339 ) ) ;
#1190 = DIRECTION ( 'NONE',  ( 1.000000000000000000, -1.146924612215864200E-15, 1.146924612215864200E-15 ) ) ;
#1191 = ADVANCED_BREP_SHAPE_REPRESENTATION ( 'SR48', ( #592, #971 ), #299 ) ;
#1192 = LINE ( 'NONE', #55, #1344 ) ;
#1193 = CARTESIAN_POINT ( 'NONE',  ( 23.15435980834850938, 5.755839955993441207E-16, 4.700000000000729372 ) ) ;
#1194 = CARTESIAN_POINT ( 'NONE',  ( 22.95895618282929718, 7.101408311031449649, 0.000000000000000000 ) ) ;
#1195 = VERTEX_POINT ( 'NONE', #427 ) ;
#1196 = EDGE_CURVE ( 'NONE', #585, #489, #1840, .T. ) ;
#1197 = ORIENTED_EDGE ( 'NONE', *, *, #1997, .F. ) ;
#1198 = CARTESIAN_POINT ( 'NONE',  ( 12.59797865587777466, 7.101408311031450538, 0.6909514218640531169 ) ) ;
#1199 = CARTESIAN_POINT ( 'NONE',  ( 12.59797865587777288, -4.149085639630974320, 5.804524289067151344 ) ) ;
#1200 = PLANE ( 'NONE',  #913 ) ;
#1201 = CARTESIAN_POINT ( 'NONE',  ( 18.14143851767093096, -0.9262063434197150835, 7.665254518300401720 ) ) ;
#1202 = DIRECTION ( 'NONE',  ( -1.000000000000000000, 0.000000000000000000, 0.000000000000000000 ) ) ;
#1203 = EDGE_CURVE ( 'NONE', #1039, #415, #1220, .T. ) ;
#1204 = CARTESIAN_POINT ( 'NONE',  ( 12.69999999999980034, 0.000000000000000000, 0.000000000000000000 ) ) ;
#1205 = ORIENTED_EDGE ( 'NONE', *, *, #739, .T. ) ;
#1206 = ORIENTED_EDGE ( 'NONE', *, *, #1347, .F. ) ;
#1207 = CARTESIAN_POINT ( 'NONE',  ( 17.84395618282909979, -2.830027390241469210, -6.566082924428978451 ) ) ;
#1208 = EDGE_CURVE ( 'NONE', #1248, #1434, #1537, .T. ) ;
#1209 = DIRECTION ( 'NONE',  ( -1.000000000000000000, 0.000000000000000000, -0.000000000000000000 ) ) ;
#1210 = CARTESIAN_POINT ( 'NONE',  ( 3.087196017389081337, 3.255617899350143674, 6.320368129430538495 ) ) ;
#1211 = CIRCLE ( 'NONE', #170, 7.149999999999675282 ) ;
#1212 = CARTESIAN_POINT ( 'NONE',  ( 14.03770618282990057, 8.892678035863000747E-16, -5.556249999999640643 ) ) ;
#1213 = VECTOR ( 'NONE', #1768, 1000.000000000000000 ) ;
#1214 = CARTESIAN_POINT ( 'NONE',  ( 22.66147384798767206, -6.175201967611712028, -4.634745481697986058 ) ) ;
#1215 = AXIS2_PLACEMENT_3D ( 'NONE', #1773, #859, #695 ) ;
#1216 = VECTOR ( 'NONE', #1452, 999.9999999999998863 ) ;
#1217 = VERTEX_POINT ( 'NONE', #606 ) ;
#1218 = AXIS2_PLACEMENT_3D ( 'NONE', #1679, #1069, #1821 ) ;
#1219 = VERTEX_POINT ( 'NONE', #1362 ) ;
#1220 = LINE ( 'NONE', #1510, #1314 ) ;
#1221 = CARTESIAN_POINT ( 'NONE',  ( 3.721687836487939993, -7.101408311031450538, -4.099999999999455191 ) ) ;
#1222 = DIRECTION ( 'NONE',  ( -1.000000000000000000, -0.000000000000000000, -0.000000000000000000 ) ) ;
#1223 = DIRECTION ( 'NONE',  ( 0.000000000000000000, 0.000000000000000000, -1.000000000000000000 ) ) ;
#1224 = CARTESIAN_POINT ( 'NONE',  ( 9.093203620635925688E-13, 0.000000000000000000, -6.449999999998910383 ) ) ;
#1225 = FACE_OUTER_BOUND ( 'NONE', #788, .T. ) ;
#1226 = EDGE_CURVE ( 'NONE', #1149, #211, #887, .T. ) ;
#1227 = ORIENTED_EDGE ( 'NONE', *, *, #483, .T. ) ;
#1228 = DIRECTION ( 'NONE',  ( 0.000000000000000000, -1.776356839400250465E-15, 1.000000000000000000 ) ) ;
#1229 = CARTESIAN_POINT ( 'NONE',  ( 12.54016738964441835, -2.352372911609875050, -6.841856866246566860 ) ) ;
#1230 = SURFACE_SIDE_STYLE ('',( #1701 ) ) ;
#1231 = CARTESIAN_POINT ( 'NONE',  ( 3.159832610356887450, 2.352372911609864392, 6.841856866246570412 ) ) ;
#1232 = EDGE_CURVE ( 'NONE', #1088, #53, #1050, .T. ) ;
#1233 = CARTESIAN_POINT ( 'NONE',  ( 9.092900044027630757E-13, 0.000000000000000000, 3.674999999998360689 ) ) ;
#1234 = EDGE_CURVE ( 'NONE', #575, #794, #446, .T. ) ;
#1235 = ADVANCED_FACE ( 'NONE', ( #586 ), #1528, .F. ) ;
#1236 = CARTESIAN_POINT ( 'NONE',  ( 18.45017396547719812, 7.372574772901430151E-15, 7.264154555652879708E-15 ) ) ;
#1237 = AXIS2_PLACEMENT_3D ( 'NONE', #1025, #559, #756 ) ;
#1238 = ORIENTED_EDGE ( 'NONE', *, *, #1611, .T. ) ;
#1239 = LINE ( 'NONE', #284, #1696 ) ;
#1240 = CARTESIAN_POINT ( 'NONE',  ( 3.148507566890459852, -2.343910501595407148, 6.846742640946407832 ) ) ;
#1241 = SHAPE_DEFINITION_REPRESENTATION ( #708, #1191 ) ;
#1242 = FACE_OUTER_BOUND ( 'NONE', #294, .T. ) ;
#1243 = DIRECTION ( 'NONE',  ( -0.4999999999997866151, 1.060575238725057784E-16, -0.8660254037845618313 ) ) ;
#1244 = ORIENTED_EDGE ( 'NONE', *, *, #428, .T. ) ;
#1245 = FACE_OUTER_BOUND ( 'NONE', #454, .T. ) ;
#1246 = CONICAL_SURFACE ( 'NONE', #1178, 4.649999999999640643, 0.7853981633979459920 ) ;
#1247 = VECTOR ( 'NONE', #194, 1000.000000000000000 ) ;
#1248 = VERTEX_POINT ( 'NONE', #1967 ) ;
#1249 = AXIS2_PLACEMENT_3D ( 'NONE', #1559, #1587, #1711 ) ;
#1250 = AXIS2_PLACEMENT_3D ( 'NONE', #1090, #1130, #1122 ) ;
#1251 = DIRECTION ( 'NONE',  ( -1.000000000000000000, -0.000000000000000000, -0.000000000000000000 ) ) ;
#1252 = EDGE_CURVE ( 'NONE', #926, #1158, #343, .T. ) ;
#1253 = ORIENTED_EDGE ( 'NONE', *, *, #293, .T. ) ;
#1254 = CIRCLE ( 'NONE', #77, 6.032611434726271149 ) ;
#1255 = CARTESIAN_POINT ( 'NONE',  ( 46.15895618282912238, 3.440773836639453724E-16, -6.050000000001090505 ) ) ;
#1256 = FILL_AREA_STYLE_COLOUR ( '', #37 ) ;
#1257 = CARTESIAN_POINT ( 'NONE',  ( 17.84395618282909979, -1.127570259384924611E-14, 1.994931997373328159E-14 ) ) ;
#1258 = ORIENTED_EDGE ( 'NONE', *, *, #366, .F. ) ;
#1259 = ADVANCED_FACE ( 'NONE', ( #754 ), #348, .T. ) ;
#1260 = ORIENTED_EDGE ( 'NONE', *, *, #332, .F. ) ;
#1261 = EDGE_CURVE ( 'NONE', #666, #877, #1381, .T. ) ;
#1262 = DIRECTION ( 'NONE',  ( 0.000000000000000000, 0.000000000000000000, 1.000000000000000000 ) ) ;
#1263 = ADVANCED_FACE ( 'NONE', ( #288, #1392 ), #1811, .T. ) ;
#1264 = CARTESIAN_POINT ( 'NONE',  ( 3.202759850979657319, 5.046998875482030300, -5.286113840639616868 ) ) ;
#1265 = CYLINDRICAL_SURFACE ( 'NONE', #1475, 6.350000000000360245 ) ;
#1266 = PRESENTATION_STYLE_ASSIGNMENT (( #477 ) ) ;
#1267 = CARTESIAN_POINT ( 'NONE',  ( 3.721687836487932444, -7.101408311031451426, 4.099999999999449862 ) ) ;
#1268 = ORIENTED_EDGE ( 'NONE', *, *, #443, .T. ) ;
#1269 = ORIENTED_EDGE ( 'NONE', *, *, #1261, .F. ) ;
#1270 = CARTESIAN_POINT ( 'NONE',  ( 3.369157060542816051, -5.937655684555161351, -4.771892892165678468 ) ) ;
#1271 = CARTESIAN_POINT ( 'NONE',  ( 3.102021344123512048, 4.149085639630975209, -5.804524289067152232 ) ) ;
#1272 = FACE_OUTER_BOUND ( 'NONE', #997, .T. ) ;
#1273 = DIRECTION ( 'NONE',  ( -1.000000000000000000, 0.000000000000000000, -0.000000000000000000 ) ) ;
#1274 = DIRECTION ( 'NONE',  ( 1.000000000000000000, -0.000000000000000000, 0.000000000000000000 ) ) ;
#1275 = VERTEX_POINT ( 'NONE', #1698 ) ;
#1276 = ORIENTED_EDGE ( 'NONE', *, *, #674, .F. ) ;
#1277 = AXIS2_PLACEMENT_3D ( 'NONE', #825, #371, #1283 ) ;
#1278 = CARTESIAN_POINT ( 'NONE',  ( 0.3999999999996361466, 4.336808689942017736E-16, 4.336808689942017736E-16 ) ) ;
#1279 = VERTEX_POINT ( 'NONE', #612 ) ;
#1280 = CIRCLE ( 'NONE', #405, 6.449999999998910383 ) ;
#1281 = LINE ( 'NONE', #804, #1115 ) ;
#1282 = VECTOR ( 'NONE', #1423, 1000.000000000000000 ) ;
#1283 = DIRECTION ( 'NONE',  ( -6.240012503514681308E-17, -1.000000000000000000, 1.946887802200978065E-33 ) ) ;
#1284 = CARTESIAN_POINT ( 'NONE',  ( 37.65895618282910817, 8.673617379884037444E-16, 8.673617379884037444E-16 ) ) ;
#1285 = EDGE_CURVE ( 'NONE', #471, #1080, #1239, .T. ) ;
#1286 = EDGE_LOOP ( 'NONE', ( #164, #991, #1153 ) ) ;
#1287 = ORIENTED_EDGE ( 'NONE', *, *, #1261, .T. ) ;
#1288 = CARTESIAN_POINT ( 'NONE',  ( 7.850000000000483702, 1.110223024625160090E-15, -8.199999999998912159 ) ) ;
#1289 = ORIENTED_EDGE ( 'NONE', *, *, #1114, .F. ) ;
#1290 = CARTESIAN_POINT ( 'NONE',  ( 9.093203620635925688E-13, 8.205133554285932401E-16, 6.449999999998910383 ) ) ;
#1291 = CARTESIAN_POINT ( 'NONE',  ( 22.95895618282929718, 7.776507174586134911E-16, -6.350000000000360245 ) ) ;
#1292 = EDGE_CURVE ( 'NONE', #1360, #1139, #431, .T. ) ;
#1293 = CARTESIAN_POINT ( 'NONE',  ( 9.092900044027630757E-13, 4.500576986864515157E-16, -3.674999999998360689 ) ) ;
#1294 = EDGE_CURVE ( 'NONE', #363, #725, #759, .T. ) ;
#1295 = EDGE_CURVE ( 'NONE', #725, #1419, #1402, .T. ) ;
#1296 = CARTESIAN_POINT ( 'NONE',  ( 12.59797865587777643, 2.952322671400473553, 6.495475710931209790 ) ) ;
#1297 = B_SPLINE_CURVE_WITH_KNOTS ( 'NONE', 3,
 ( #1704, #462, #322, #1868 ),
 .UNSPECIFIED., .F., .F.,
 ( 4, 4 ),
 ( 1.440969542111313559E-17, 0.003323588428093104084 ),
 .UNSPECIFIED. ) ;
#1298 = VERTEX_POINT ( 'NONE', #1224 ) ;
#1299 = CARTESIAN_POINT ( 'NONE',  ( 14.94395618282899996, 0.000000000000000000, 4.649999999999640643 ) ) ;
#1300 = ORIENTED_EDGE ( 'NONE', *, *, #732, .T. ) ;
#1301 = CARTESIAN_POINT ( 'NONE',  ( 22.95895618282929718, -2.168404344971008868E-16, -3.339342691255353657E-14 ) ) ;
#1302 = CIRCLE ( 'NONE', #133, 3.275000000000999556 ) ;
#1303 = CARTESIAN_POINT ( 'NONE',  ( 12.61280398261218849, 3.845790411681312637, -5.979631870567819973 ) ) ;
#1304 = CARTESIAN_POINT ( 'NONE',  ( 12.61213765639860185, 4.161239034056143815, 5.797507523524211948 ) ) ;
#1306 = ORIENTED_EDGE ( 'NONE', *, *, #125, .T. ) ;
#1305 = ORIENTED_EDGE ( 'NONE', *, *, #742, .F. ) ;
#1307 = FACE_OUTER_BOUND ( 'NONE', #1096, .T. ) ;
#1308 = ORIENTED_EDGE ( 'NONE', *, *, #1885, .F. ) ;
#1309 = CARTESIAN_POINT ( 'NONE',  ( 22.95895618282929718, 2.830027390241505625, -6.566082924428961576 ) ) ;
#1310 = EDGE_CURVE ( 'NONE', #768, #669, #694, .T. ) ;
#1311 = DIRECTION ( 'NONE',  ( 1.000000000000000000, 0.000000000000000000, 0.000000000000000000 ) ) ;
#1312 = CIRCLE ( 'NONE', #499, 6.350000000000360245 ) ;
#1313 = CARTESIAN_POINT ( 'NONE',  ( 12.17180744574188722, 6.520922464346556424, -4.435143659843739705 ) ) ;
#1314 = VECTOR ( 'NONE', #1031, 1000.000000000000000 ) ;
#1315 = DIRECTION ( 'NONE',  ( 0.000000000000000000, -1.000000000000000000, 0.000000000000000000 ) ) ;
#1316 = VERTEX_POINT ( 'NONE', #1855 ) ;
#1317 = ORIENTED_EDGE ( 'NONE', *, *, #330, .T. ) ;
#1318 = CARTESIAN_POINT ( 'NONE',  ( 22.95895618282929718, 2.168404344971008868E-16, 3.339342691255353657E-14 ) ) ;
#1319 = ORIENTED_EDGE ( 'NONE', *, *, #534, .F. ) ;
#1320 = ADVANCED_FACE ( 'NONE', ( #156 ), #1837, .T. ) ;
#1321 = ORIENTED_EDGE ( 'NONE', *, *, #894, .F. ) ;
#1322 = DIRECTION ( 'NONE',  ( -1.000000000000000000, 0.000000000000000000, -0.000000000000000000 ) ) ;
#1323 = EDGE_CURVE ( 'NONE', #1139, #474, #408, .T. ) ;
#1324 = B_SPLINE_CURVE_WITH_KNOTS ( 'NONE', 3,
 ( #1805, #727, #1680, #890, #297, #152, #1199, #1540, #907, #1659, #1070, #1822 ),
 .UNSPECIFIED., .F., .F.,
 ( 4, 2, 2, 2, 2, 4 ),
 ( 7.065339098833370564E-20, 0.002070384954541239220, 0.004140769909082478439, 0.005175962386353098917, 0.006211154863623719394, 0.008281539818164958613 ),
 .UNSPECIFIED. ) ;
#1325 = CARTESIAN_POINT ( 'NONE',  ( 0.3999999999996361466, 4.336808689942017736E-16, 4.336808689942017736E-16 ) ) ;
#1326 = CARTESIAN_POINT ( 'NONE',  ( 12.17180744574188367, 0.5804858466848922260, 7.864856340154624981 ) ) ;
#1327 = ORIENTED_EDGE ( 'NONE', *, *, #894, .T. ) ;
#1328 = ORIENTED_EDGE ( 'NONE', *, *, #1997, .T. ) ;
#1329 = DIRECTION ( 'NONE',  ( 1.000000000000000000, -0.000000000000000000, -0.000000000000000000 ) ) ;
#1330 = ORIENTED_EDGE ( 'NONE', *, *, #1203, .F. ) ;
#1331 = ORIENTED_EDGE ( 'NONE', *, *, #1736, .F. ) ;
#1332 = CARTESIAN_POINT ( 'NONE',  ( 22.66147384798767561, 7.101408311031449649, -3.030509036602394790 ) ) ;
#1333 = VECTOR ( 'NONE', #1569, 1000.000000000000000 ) ;
#1334 = DIRECTION ( 'NONE',  ( -1.000000000000000000, 0.000000000000000000, -0.000000000000000000 ) ) ;
#1335 = CARTESIAN_POINT ( 'NONE',  ( 0.3999999999996361466, 4.336808689942017736E-16, 4.336808689942017736E-16 ) ) ;
#1336 = MECHANICAL_DESIGN_GEOMETRIC_PRESENTATION_REPRESENTATION (  '', ( #1101 ), #1169 ) ;
#1337 = DIRECTION ( 'NONE',  ( 1.146924612215864397E-15, 1.000000000000000000, -1.224646799147340142E-16 ) ) ;
#1338 = FACE_OUTER_BOUND ( 'NONE', #1000, .T. ) ;
#1339 = ORIENTED_EDGE ( 'NONE', *, *, #867, .T. ) ;
#1340 = EDGE_LOOP ( 'NONE', ( #780, #1718 ) ) ;
#1341 = FACE_OUTER_BOUND ( 'NONE', #1286, .T. ) ;
#1342 = VECTOR ( 'NONE', #573, 1000.000000000000000 ) ;
#1343 = DIRECTION ( 'NONE',  ( -1.000000000000000000, 3.122111992759364547E-16, 3.122111992759364547E-16 ) ) ;
#1344 = VECTOR ( 'NONE', #1915, 1000.000000000000114 ) ;
#1345 = CARTESIAN_POINT ( 'NONE',  ( 7.850000000000483702, 0.000000000000000000, 8.199999999998912159 ) ) ;
#1346 = AXIS2_PLACEMENT_3D ( 'NONE', #1935, #670, #824 ) ;
#1347 = EDGE_CURVE ( 'NONE', #511, #699, #902, .T. ) ;
#1348 = DIRECTION ( 'NONE',  ( 1.000000000000000000, -7.381802025432073508E-16, -7.381802025432073508E-16 ) ) ;
#1349 = AXIS2_PLACEMENT_3D ( 'NONE', #1148, #383, #81 ) ;
#1350 = CARTESIAN_POINT ( 'NONE',  ( 23.15435980834850938, 5.755839955993470789E-16, 4.700000000000743583 ) ) ;
#1351 = ORIENTED_EDGE ( 'NONE', *, *, #89, .F. ) ;
#1352 = ORIENTED_EDGE ( 'NONE', *, *, #571, .T. ) ;
#1353 = CARTESIAN_POINT ( 'NONE',  ( 35.85895618282940234, 0.000000000000000000, 0.000000000000000000 ) ) ;
#1354 = FACE_OUTER_BOUND ( 'NONE', #513, .T. ) ;
#1355 = CARTESIAN_POINT ( 'NONE',  ( 21.83395974271210349, 0.000000000000000000, 0.000000000000000000 ) ) ;
#1356 = ADVANCED_FACE ( 'NONE', ( #747 ), #1830, .T. ) ;
#1357 = CARTESIAN_POINT ( 'NONE',  ( 22.66147384798767561, 6.175201967611711140, -4.634745481697975400 ) ) ;
#1358 = EDGE_CURVE ( 'NONE', #856, #1713, #1254, .T. ) ;
#1359 = DIRECTION ( 'NONE',  ( 0.000000000000000000, -1.000000000000000000, 0.000000000000000000 ) ) ;
#1360 = VERTEX_POINT ( 'NONE', #313 ) ;
#1361 = ORIENTED_EDGE ( 'NONE', *, *, #929, .F. ) ;
#1362 = CARTESIAN_POINT ( 'NONE',  ( 3.000000000000910383, 9.291296817012097331E-16, -6.949999999998901501 ) ) ;
#1363 = CARTESIAN_POINT ( 'NONE',  ( 12.33084293945863763, -5.937655684555138258, -4.771892892165693567 ) ) ;
#1364 = CARTESIAN_POINT ( 'NONE',  ( 15.54395618282929981, 0.000000000000000000, 0.000000000000000000 ) ) ;
#1365 = CARTESIAN_POINT ( 'NONE',  ( 18.14143851767093096, 0.9262063434197145284, 7.665254518300400832 ) ) ;
#1366 = CIRCLE ( 'NONE', #228, 6.449999999998910383 ) ;
#1367 = CARTESIAN_POINT ( 'NONE',  ( 18.45017396547719812, -1.127570259384924611E-14, -8.199999999998903277 ) ) ;
#1368 = ORIENTED_EDGE ( 'NONE', *, *, #230, .T. ) ;
#1369 = ORIENTED_EDGE ( 'NONE', *, *, #1114, .T. ) ;
#1370 = CARTESIAN_POINT ( 'NONE',  ( 17.84395618282909979, -7.101408311031449649, -5.637851296924623057E-15 ) ) ;
#1371 = CARTESIAN_POINT ( 'NONE',  ( 3.087196017389083114, 7.101408311031451426, 0.3407362588627143030 ) ) ;
#1372 = DIRECTION ( 'NONE',  ( -1.000000000000000000, 0.000000000000000000, -0.000000000000000000 ) ) ;
#1373 = CARTESIAN_POINT ( 'NONE',  ( 17.84395618282909979, 2.830027390241470986, 6.566082924428980228 ) ) ;
#1374 = AXIS2_PLACEMENT_3D ( 'NONE', #503, #1121, #1262 ) ;
#1375 = LINE ( 'NONE', #604, #1413 ) ;
#1376 = VECTOR ( 'NONE', #290, 1000.000000000000000 ) ;
#1377 = AXIS2_PLACEMENT_3D ( 'NONE', #714, #1619, #546 ) ;
#1378 = VECTOR ( 'NONE', #291, 1000.000000000000000 ) ;
#1379 = ORIENTED_EDGE ( 'NONE', *, *, #1285, .F. ) ;
#1380 = EDGE_CURVE ( 'NONE', #768, #974, #616, .T. ) ;
#1381 = LINE ( 'NONE', #1370, #181 ) ;
#1382 = CARTESIAN_POINT ( 'NONE',  ( 3.721687836487920897, 7.101408311031450538, 4.099999999999455191 ) ) ;
#1383 = DIRECTION ( 'NONE',  ( 1.000000000000000000, 0.000000000000000000, 0.000000000000000000 ) ) ;
#1384 = EDGE_CURVE ( 'NONE', #1298, #1275, #565, .T. ) ;
#1385 = EDGE_CURVE ( 'NONE', #669, #1820, #315, .T. ) ;
#1386 = DIRECTION ( 'NONE',  ( 0.000000000000000000, 0.000000000000000000, -1.000000000000000000 ) ) ;
#1387 = APPLICATION_CONTEXT ( 'automotive_design' ) ;
#1388 = B_SPLINE_CURVE_WITH_KNOTS ( 'NONE', 3,
 ( #1476, #1601, #66, #1486, #1454, #1303, #1765, #381, #80, #683, #1313, #696 ),
 .UNSPECIFIED., .F., .F.,
 ( 4, 2, 2, 2, 2, 4 ),
 ( 9.114736153373742114E-20, 0.002070384954541239220, 0.004140769909082478439, 0.005175962386353097182, 0.006211154863623715924, 0.008281539818164956879 ),
 .UNSPECIFIED. ) ;
#1389 = CARTESIAN_POINT ( 'NONE',  ( 17.84395618282909979, 2.830027390241475871, 6.566082924428978451 ) ) ;
#1390 = CARTESIAN_POINT ( 'NONE',  ( 22.95895618282929718, -7.101408311031449649, -5.637851296924623057E-15 ) ) ;
#1391 = ORIENTED_EDGE ( 'NONE', *, *, #382, .T. ) ;
#1392 = FACE_OUTER_BOUND ( 'NONE', #1468, .T. ) ;
#1393 = DIRECTION ( 'NONE',  ( 0.000000000000000000, 0.000000000000000000, -1.000000000000000000 ) ) ;
#1394 = CARTESIAN_POINT ( 'NONE',  ( 0.000000000000000000, 0.000000000000000000, 0.000000000000000000 ) ) ;
#1395 = CARTESIAN_POINT ( 'NONE',  ( 22.95895618282929718, 2.830027390241502960, 6.566082924428963352 ) ) ;
#1396 = B_SPLINE_CURVE_WITH_KNOTS ( 'NONE', 3,
 ( #1643, #1357, #1685, #1970 ),
 .UNSPECIFIED., .F., .F.,
 ( 4, 4 ),
 ( 1.226634733346699349E-18, 0.003323588428093089339 ),
 .UNSPECIFIED. ) ;
#1397 = CARTESIAN_POINT ( 'NONE',  ( 18.45017396547720168, -2.089775575696197031E-16, 8.199999999998912159 ) ) ;
#1398 = CARTESIAN_POINT ( 'NONE',  ( 9.092900044027630757E-13, 0.000000000000000000, 0.000000000000000000 ) ) ;
#1399 = EDGE_LOOP ( 'NONE', ( #1738, #1976, #1258, #1361 ) ) ;
#1400 = CARTESIAN_POINT ( 'NONE',  ( 18.45017396547719457, 7.101408311031449649, 4.099999999999449862 ) ) ;
#1401 = DIRECTION ( 'NONE',  ( -1.000000000000000000, 0.000000000000000000, -0.000000000000000000 ) ) ;
#1402 = LINE ( 'NONE', #1673, #1378 ) ;
#1403 = VECTOR ( 'NONE', #1411, 1000.000000000000000 ) ;
#1404 = LINE ( 'NONE', #1888, #1716 ) ;
#1405 = ORIENTED_EDGE ( 'NONE', *, *, #1443, .F. ) ;
#1406 = VECTOR ( 'NONE', #928, 1000.000000000000000 ) ;
#1407 = ADVANCED_FACE ( 'NONE', ( #603 ), #1543, .T. ) ;
#1408 = AXIS2_PLACEMENT_3D ( 'NONE', #1355, #1063, #282 ) ;
#1409 = EDGE_LOOP ( 'NONE', ( #351, #555 ) ) ;
#1410 = AXIS2_PLACEMENT_3D ( 'NONE', #1866, #24, #1102 ) ;
#1411 = DIRECTION ( 'NONE',  ( 0.4999999999999952816, 1.060575238724910243E-16, 0.8660254037844413721 ) ) ;
#1412 = DIRECTION ( 'NONE',  ( 0.000000000000000000, 0.000000000000000000, -1.000000000000000000 ) ) ;
#1413 = VECTOR ( 'NONE', #1202, 1000.000000000000000 ) ;
#1414 = B_SPLINE_CURVE_WITH_KNOTS ( 'NONE', 3,
 ( #1681, #1853, #1660, #1690 ),
 .UNSPECIFIED., .F., .F.,
 ( 4, 4 ),
 ( 0.000000000000000000, 0.003323588428093153090 ),
 .UNSPECIFIED. ) ;
#1415 = CARTESIAN_POINT ( 'NONE',  ( 14.94395618282899996, 0.000000000000000000, 0.000000000000000000 ) ) ;
#1416 = FILL_AREA_STYLE ('',( #1256 ) ) ;
#1417 = CARTESIAN_POINT ( 'NONE',  ( 22.88417433814462498, -1.866234793677408632, 7.122528839498212250 ) ) ;
#1418 = VERTEX_POINT ( 'NONE', #1233 ) ;
#1419 = VERTEX_POINT ( 'NONE', #461 ) ;
#1420 = CARTESIAN_POINT ( 'NONE',  ( 3.721687836487939993, -7.101408311031450538, -4.099999999999455191 ) ) ;
#1421 = CARTESIAN_POINT ( 'NONE',  ( 35.85895618282940234, 8.673617379884037444E-16, 6.350000000000362022 ) ) ;
#1422 = B_SPLINE_CURVE_WITH_KNOTS ( 'NONE', 3,
 ( #1814, #310, #608, #467, #1072, #1210, #448, #1231, #1969, #579, #1043, #1836 ),
 .UNSPECIFIED., .F., .F.,
 ( 4, 2, 2, 2, 2, 4 ),
 ( 3.903127820947815962E-18, 0.002070384954541263072, 0.004140769909082521807, 0.005175962386353150091, 0.006211154863623780109, 0.008281539818165036676 ),
 .UNSPECIFIED. ) ;
#1423 = DIRECTION ( 'NONE',  ( 0.4999999999999952816, 0.000000000000000000, -0.8660254037844413721 ) ) ;
#1424 = CARTESIAN_POINT ( 'NONE',  ( 18.45017396547720168, -7.101408311031448761, -4.099999999999459632 ) ) ;
#1425 = DIRECTION ( 'NONE',  ( 1.000000000000000000, -6.240012503514682540E-17, -6.240012503514682540E-17 ) ) ;
#1426 = ORIENTED_EDGE ( 'NONE', *, *, #1525, .T. ) ;
#1427 = CIRCLE ( 'NONE', #549, 4.700000000000729372 ) ;
#1428 = ORIENTED_EDGE ( 'NONE', *, *, #1464, .F. ) ;
#1429 = CARTESIAN_POINT ( 'NONE',  ( 3.000000000000911271, 7.800015629393329756E-17, 6.949999999998901501 ) ) ;
#1430 = CARTESIAN_POINT ( 'NONE',  ( 22.95895618282929718, 7.101408311031449649, 0.8321658488595702341 ) ) ;
#1431 = DIRECTION ( 'NONE',  ( 0.000000000000000000, 0.000000000000000000, -1.000000000000000000 ) ) ;
#1432 = CARTESIAN_POINT ( 'NONE',  ( 17.91873802751381817, -7.101408311031449649, -1.945057678998093342 ) ) ;
#1433 = CARTESIAN_POINT ( 'NONE',  ( 23.15435980834850227, 0.000000000000000000, -4.700000000000731148 ) ) ;
#1434 = VERTEX_POINT ( 'NONE', #1513 ) ;
#1435 = AXIS2_PLACEMENT_3D ( 'NONE', #350, #1742, #357 ) ;
#1436 = ORIENTED_EDGE ( 'NONE', *, *, #1380, .F. ) ;
#1437 = VECTOR ( 'NONE', #1462, 1000.000000000000000 ) ;
#1438 = DIRECTION ( 'NONE',  ( 1.000000000000000000, -0.000000000000000000, 0.000000000000000000 ) ) ;
#1439 = CARTESIAN_POINT ( 'NONE',  ( 18.45017396547719812, -1.127570259384924611E-14, 1.994931997373328159E-14 ) ) ;
#1440 = AXIS2_PLACEMENT_3D ( 'NONE', #295, #110, #1518 ) ;
#1441 = CARTESIAN_POINT ( 'NONE',  ( -2.775557561562890365E-16, 0.000000000000000000, 3.674999999999270184 ) ) ;
#1442 = AXIS2_PLACEMENT_3D ( 'NONE', #1040, #1499, #1833 ) ;
#1443 = EDGE_CURVE ( 'NONE', #363, #1656, #767, .T. ) ;
#1444 = ADVANCED_FACE ( 'NONE', ( #468 ), #1085, .T. ) ;
#1445 = CARTESIAN_POINT ( 'NONE',  ( 12.17165985490719748, -7.101408311031450538, 3.430223949959703145 ) ) ;
#1446 = DIRECTION ( 'NONE',  ( 0.000000000000000000, 0.000000000000000000, -1.000000000000000000 ) ) ;
#1447 = ORIENTED_EDGE ( 'NONE', *, *, #382, .F. ) ;
#1448 = CARTESIAN_POINT ( 'NONE',  ( 15.54395618282929981, 2.955072726342023402E-16, 2.412999999999559275 ) ) ;
#1449 = VERTEX_POINT ( 'NONE', #1981 ) ;
#1450 = DIRECTION ( 'NONE',  ( 1.000000000000000000, -7.381802025432073508E-16, -7.381802025432073508E-16 ) ) ;
#1451 = VERTEX_POINT ( 'NONE', #1212 ) ;
#1452 = DIRECTION ( 'NONE',  ( 0.4999999999998789857, 1.060575238724992580E-16, 0.8660254037845086517 ) ) ;
#1453 = DIRECTION ( 'NONE',  ( 0.000000000000000000, 0.000000000000000000, 1.000000000000000000 ) ) ;
#1454 = CARTESIAN_POINT ( 'NONE',  ( 12.61213765639860362, 2.940169276975304058, -6.502492476474150962 ) ) ;
#1455 = CARTESIAN_POINT ( 'NONE',  ( 22.66147384798767561, -7.101408311031449649, -3.030509036602397011 ) ) ;
#1457 = ORIENTED_EDGE ( 'NONE', *, *, #216, .T. ) ;
#1456 = ORIENTED_EDGE ( 'NONE', *, *, #930, .T. ) ;
#1458 = DIRECTION ( 'NONE',  ( 0.000000000000000000, 0.000000000000000000, -1.000000000000000000 ) ) ;
#1459 = ORIENTED_EDGE ( 'NONE', *, *, #1006, .T. ) ;
#1460 = CARTESIAN_POINT ( 'NONE',  ( -2.775557561562890365E-16, 0.000000000000000000, 0.000000000000000000 ) ) ;
#1461 = CIRCLE ( 'NONE', #296, 7.149999999999647748 ) ;
#1462 = DIRECTION ( 'NONE',  ( 1.000000000000000000, -7.381802025432073508E-16, -7.381802025432073508E-16 ) ) ;
#1463 = DIRECTION ( 'NONE',  ( 0.000000000000000000, 0.000000000000000000, -1.000000000000000000 ) ) ;
#1464 = EDGE_CURVE ( 'NONE', #1434, #1248, #312, .T. ) ;
#1465 = LINE ( 'NONE', #1448, #724 ) ;
#1466 = EDGE_CURVE ( 'NONE', #1803, #346, #819, .T. ) ;
#1467 = ADVANCED_FACE ( 'NONE', ( #1929 ), #92, .T. ) ;
#1468 = EDGE_LOOP ( 'NONE', ( #1625, #1667, #1276, #1498, #1589, #1269, #1781, #1352, #1482, #1777, #387, #266, #593 ) ) ;
#1469 = DIRECTION ( 'NONE',  ( 0.000000000000000000, 0.000000000000000000, 1.000000000000000000 ) ) ;
#1470 = ORIENTED_EDGE ( 'NONE', *, *, #364, .F. ) ;
#1471 = ORIENTED_EDGE ( 'NONE', *, *, #864, .F. ) ;
#1472 = FACE_OUTER_BOUND ( 'NONE', #1657, .T. ) ;
#1473 = VECTOR ( 'NONE', #1796, 1000.000000000000000 ) ;
#1474 = PLANE ( 'NONE',  #1215 ) ;
#1475 = AXIS2_PLACEMENT_3D ( 'NONE', #1873, #1401, #341 ) ;
#1476 = CARTESIAN_POINT ( 'NONE',  ( 11.97831216351369754, 9.861858250372229141E-16, -8.199999999998912159 ) ) ;
#1477 = VECTOR ( 'NONE', #1692, 1000.000000000000000 ) ;
#1478 = CARTESIAN_POINT ( 'NONE',  ( 11.97831216351369754, -9.614813431917817849E-17, 8.199999999998912159 ) ) ;
#1479 = ORIENTED_EDGE ( 'NONE', *, *, #1203, .T. ) ;
#1480 = ORIENTED_EDGE ( 'NONE', *, *, #483, .F. ) ;
#1481 = CARTESIAN_POINT ( 'NONE',  ( 3.000000000000911271, -1.353087022529464027E-32, 6.949999999998910383 ) ) ;
#1482 = ORIENTED_EDGE ( 'NONE', *, *, #115, .T. ) ;
#1483 = ORIENTED_EDGE ( 'NONE', *, *, #1323, .T. ) ;
#1484 = CARTESIAN_POINT ( 'NONE',  ( 22.95895618282929718, 7.101408311031448761, -0.8321658488595720105 ) ) ;
#1485 = LINE ( 'NONE', #1959, #1758 ) ;
#1486 = CARTESIAN_POINT ( 'NONE',  ( 12.55149243311084462, 2.343910501595434681, -6.846742640946393621 ) ) ;
#1487 = CARTESIAN_POINT ( 'NONE',  ( 11.97831216351370287, 7.101408311031448761, 4.099999999999449862 ) ) ;
#1488 = LINE ( 'NONE', #423, #1342 ) ;
#1489 = ORIENTED_EDGE ( 'NONE', *, *, #1736, .T. ) ;
#1490 = EDGE_LOOP ( 'NONE', ( #1900, #692, #258, #574 ) ) ;
#1491 = CARTESIAN_POINT ( 'NONE',  ( 17.84395618282909979, 4.271380920790007529, 5.733917075569368471 ) ) ;
#1492 = EDGE_CURVE ( 'NONE', #1769, #1880, #577, .T. ) ;
#1493 = CARTESIAN_POINT ( 'NONE',  ( 17.84395618282909979, -1.127570259384924611E-14, 1.994931997373328159E-14 ) ) ;
#1494 = PRODUCT_DEFINITION_CONTEXT ( 'detailed design', #925, 'design' ) ;
#1495 = CARTESIAN_POINT ( 'NONE',  ( 22.95895618282929718, 0.000000000000000000, 8.199999999998912159 ) ) ;
#1496 = PLANE ( 'NONE',  #172 ) ;
#1497 = EDGE_LOOP ( 'NONE', ( #840, #198, #192 ) ) ;
#1498 = ORIENTED_EDGE ( 'NONE', *, *, #1196, .T. ) ;
#1499 = DIRECTION ( 'NONE',  ( -1.000000000000000000, 1.146924612215864200E-15, -1.146924612215864200E-15 ) ) ;
#1500 = CARTESIAN_POINT ( 'NONE',  ( 15.54395618282929981, 0.000000000000000000, 0.000000000000000000 ) ) ;
#1501 = AXIS2_PLACEMENT_3D ( 'NONE', #85, #385, #257 ) ;
#1502 = DIRECTION ( 'NONE',  ( 0.000000000000000000, 0.000000000000000000, 1.000000000000000000 ) ) ;
#1503 = VECTOR ( 'NONE', #333, 1000.000000000000000 ) ;
#1504 = EDGE_CURVE ( 'NONE', #797, #1316, #377, .T. ) ;
#1505 = PLANE ( 'NONE',  #362 ) ;
#1506 = CIRCLE ( 'NONE', #1991, 4.650000000000549250 ) ;
#1507 = CYLINDRICAL_SURFACE ( 'NONE', #749, 6.949999999998910383 ) ;
#1508 = ORIENTED_EDGE ( 'NONE', *, *, #1884, .T. ) ;
#1509 = EDGE_LOOP ( 'NONE', ( #1197, #235 ) ) ;
#1510 = CARTESIAN_POINT ( 'NONE',  ( 14.03770618282990412, -2.708000484234200675E-31, 5.556249999999631761 ) ) ;
#1511 = DIRECTION ( 'NONE',  ( 0.000000000000000000, 0.000000000000000000, 1.000000000000000000 ) ) ;
#1512 = CARTESIAN_POINT ( 'NONE',  ( 14.94395618282899996, 0.000000000000000000, 4.650000000000549250 ) ) ;
#1513 = CARTESIAN_POINT ( 'NONE',  ( 46.45895618282931139, 3.440773836639453724E-16, -6.050000000001090505 ) ) ;
#1514 = PLANE ( 'NONE',  #331 ) ;
#1515 = VERTEX_POINT ( 'NONE', #710 ) ;
#1516 = EDGE_CURVE ( 'NONE', #1730, #794, #1506, .T. ) ;
#1517 = ORIENTED_EDGE ( 'NONE', *, *, #653, .T. ) ;
#1518 = DIRECTION ( 'NONE',  ( 0.000000000000000000, 0.000000000000000000, 1.000000000000000000 ) ) ;
#1519 = CARTESIAN_POINT ( 'NONE',  ( 3.528192554259631297, 7.101408311031449649, 3.429712680310892825 ) ) ;
#1520 = CARTESIAN_POINT ( 'NONE',  ( 12.69999999999980034, 0.000000000000000000, 0.000000000000000000 ) ) ;
#1521 = AXIS2_PLACEMENT_3D ( 'NONE', #2010, #1425, #617 ) ;
#1522 = CARTESIAN_POINT ( 'NONE',  ( 22.95895618282929718, -2.830027390241439456, 6.566082924428998879 ) ) ;
#1523 = AXIS2_PLACEMENT_3D ( 'NONE', #1325, #1937, #548 ) ;
#1524 = CARTESIAN_POINT ( 'NONE',  ( 18.45017396547719812, -7.101408311031449649, 4.099999999999449862 ) ) ;
#1525 = EDGE_CURVE ( 'NONE', #1279, #1730, #403, .T. ) ;
#1526 = EDGE_CURVE ( 'NONE', #1819, #1248, #252, .T. ) ;
#1527 = EDGE_LOOP ( 'NONE', ( #63, #1426, #349, #1159 ) ) ;
#1528 = CYLINDRICAL_SURFACE ( 'NONE', #1218, 3.275000000001000000 ) ;
#1529 = CARTESIAN_POINT ( 'NONE',  ( 21.83395974271210349, 0.000000000000000000, -2.413000000000470546 ) ) ;
#1530 = CARTESIAN_POINT ( 'NONE',  ( 22.66147384798767206, -0.9262063434197536083, -7.665254518300379516 ) ) ;
#1531 = VECTOR ( 'NONE', #168, 1000.000000000000000 ) ;
#1532 = DIRECTION ( 'NONE',  ( -1.000000000000000000, 0.000000000000000000, 0.000000000000000000 ) ) ;
#1533 = CIRCLE ( 'NONE', #1277, 6.949999999998901501 ) ;
#1534 = CARTESIAN_POINT ( 'NONE',  ( 18.45017396547720168, -7.101408311031448761, -4.099999999999459632 ) ) ;
#1535 = VECTOR ( 'NONE', #858, 1000.000000000000000 ) ;
#1536 = AXIS2_PLACEMENT_3D ( 'NONE', #1056, #1817, #1828 ) ;
#1537 = CIRCLE ( 'NONE', #1442, 6.050000000001090505 ) ;
#1538 = ORIENTED_EDGE ( 'NONE', *, *, #1706, .T. ) ;
#1539 = CARTESIAN_POINT ( 'NONE',  ( 12.33147822951964478, 7.101408311031450538, 2.753822598272415600 ) ) ;
#1540 = CARTESIAN_POINT ( 'NONE',  ( 12.54016738964442368, -4.749035399421572379, 5.458143133751800491 ) ) ;
#1541 = CARTESIAN_POINT ( 'NONE',  ( 22.95895618282929718, 2.168404344971008868E-16, 3.339342691255353657E-14 ) ) ;
#1542 = EDGE_CURVE ( 'NONE', #1158, #1419, #118, .T. ) ;
#1543 = CYLINDRICAL_SURFACE ( 'NONE', #40, 6.350000000000360245 ) ;
#1544 = ORIENTED_EDGE ( 'NONE', *, *, #18, .T. ) ;
#1545 = CARTESIAN_POINT ( 'NONE',  ( 12.69999999999980034, 4.176468516202211666E-16, 4.176468516202211666E-16 ) ) ;
#1546 = ORIENTED_EDGE ( 'NONE', *, *, #1874, .F. ) ;
#1547 = CARTESIAN_POINT ( 'NONE',  ( 17.84395618282909979, -2.168404344971008868E-16, -4.510281037539698445E-14 ) ) ;
#1548 = DIRECTION ( 'NONE',  ( -0.7071067811881621701, 0.000000000000000000, 0.7071067811849329754 ) ) ;
#1549 = ADVANCED_FACE ( 'NONE', ( #1786 ), #550, .T. ) ;
#1550 = CARTESIAN_POINT ( 'NONE',  ( 17.91873802751382172, 1.866234793677372661, 7.122528839498233566 ) ) ;
#1551 = ORIENTED_EDGE ( 'NONE', *, *, #1799, .T. ) ;
#1552 = CARTESIAN_POINT ( 'NONE',  ( 46.45895618282930428, -1.720299167190193221E-14, -1.720299167190193221E-14 ) ) ;
#1553 = ORIENTED_EDGE ( 'NONE', *, *, #58, .T. ) ;
#1554 = AXIS2_PLACEMENT_3D ( 'NONE', #402, #1588, #254 ) ;
#1555 = B_SPLINE_CURVE_WITH_KNOTS ( 'NONE', 3,
 ( #1534, #117, #720, #127 ),
 .UNSPECIFIED., .F., .F.,
 ( 4, 4 ),
 ( 8.673617379884035472E-19, 0.003323588428093170871 ),
 .UNSPECIFIED. ) ;
#1556 = ORIENTED_EDGE ( 'NONE', *, *, #1018, .T. ) ;
#1557 = CARTESIAN_POINT ( 'NONE',  ( 3.528192554259650393, -0.5804858466848795695, -7.864856340154630310 ) ) ;
#1558 = VERTEX_POINT ( 'NONE', #839 ) ;
#1559 = CARTESIAN_POINT ( 'NONE',  ( 22.95895618282929718, -7.101408311031449649, 4.099999999999449862 ) ) ;
#1560 = DIRECTION ( 'NONE',  ( -1.000000000000000000, 0.000000000000000000, 0.000000000000000000 ) ) ;
#1561 = EDGE_CURVE ( 'NONE', #433, #1080, #243, .T. ) ;
#1562 = DIRECTION ( 'NONE',  ( 0.000000000000000000, 0.000000000000000000, 1.000000000000000000 ) ) ;
#1563 = ORIENTED_EDGE ( 'NONE', *, *, #1910, .F. ) ;
#1564 = ORIENTED_EDGE ( 'NONE', *, *, #1739, .F. ) ;
#1565 = DIRECTION ( 'NONE',  ( 0.000000000000000000, 1.000000000000000000, -1.224646799147353207E-16 ) ) ;
#1566 = CARTESIAN_POINT ( 'NONE',  ( 3.369157060542812498, 1.163752626476290075, -7.528107107832690659 ) ) ;
#1567 = AXIS2_PLACEMENT_3D ( 'NONE', #464, #1849, #1081 ) ;
#1568 = CARTESIAN_POINT ( 'NONE',  ( 18.14143851767092741, -6.175201967611736009, 4.634745481697961189 ) ) ;
#1569 = DIRECTION ( 'NONE',  ( 1.000000000000000000, 0.000000000000000000, 0.000000000000000000 ) ) ;
#1570 = ORIENTED_EDGE ( 'NONE', *, *, #1138, .T. ) ;
#1571 = ORIENTED_EDGE ( 'NONE', *, *, #1466, .T. ) ;
#1572 = DIRECTION ( 'NONE',  ( 1.000000000000000000, -0.000000000000000000, 0.000000000000000000 ) ) ;
#1573 = EDGE_CURVE ( 'NONE', #1039, #1451, #411, .T. ) ;
#1574 = CARTESIAN_POINT ( 'NONE',  ( 17.84395618282909979, 2.830027390241540264, -6.566082924428940260 ) ) ;
#1575 = B_SPLINE_CURVE_WITH_KNOTS ( 'NONE', 3,
 ( #607, #123, #1363, #900, #437, #1670, #132, #1229, #941, #1600, #664, #360 ),
 .UNSPECIFIED., .F., .F.,
 ( 4, 2, 2, 2, 2, 4 ),
 ( 1.939479807224432123E-18, 0.002070384954541240087, 0.004140769909082478439, 0.005175962386353098917, 0.006211154863623717659, 0.008281539818164956879 ),
 .UNSPECIFIED. ) ;
#1576 = DIRECTION ( 'NONE',  ( -0.4999999999993872679, 0.000000000000000000, 0.8660254037847924247 ) ) ;
#1577 = FACE_BOUND ( 'NONE', #830, .T. ) ;
#1578 = CARTESIAN_POINT ( 'NONE',  ( 13.16188021535160146, 7.101408311031449649, -4.099999999999449862 ) ) ;
#1579 = ORIENTED_EDGE ( 'NONE', *, *, #1034, .F. ) ;
#1580 = EDGE_CURVE ( 'NONE', #1747, #388, #1598, .T. ) ;
#1581 = AXIS2_PLACEMENT_3D ( 'NONE', #372, #219, #986 ) ;
#1582 = EDGE_LOOP ( 'NONE', ( #646, #936, #384, #248 ) ) ;
#1583 = EDGE_CURVE ( 'NONE', #1984, #211, #217, .T. ) ;
#1584 = LINE ( 'NONE', #183, #1531 ) ;
#1585 = EDGE_CURVE ( 'NONE', #619, #1009, #1465, .T. ) ;
#1586 = CARTESIAN_POINT ( 'NONE',  ( 3.528192554259636182, 6.520922464346574188, -4.435143659843733488 ) ) ;
#1587 = DIRECTION ( 'NONE',  ( 0.000000000000000000, -0.5000000000000009992, 0.8660254037844381525 ) ) ;
#1588 = DIRECTION ( 'NONE',  ( -1.000000000000000000, 0.000000000000000000, -0.000000000000000000 ) ) ;
#1589 = ORIENTED_EDGE ( 'NONE', *, *, #128, .F. ) ;
#1590 = DIRECTION ( 'NONE',  ( -1.000000000000000000, 1.146924612215864200E-15, -1.146924612215864200E-15 ) ) ;
#1591 = CIRCLE ( 'NONE', #980, 6.949999999999810107 ) ;
#1592 = ORIENTED_EDGE ( 'NONE', *, *, #1650, .T. ) ;
#1593 = CONICAL_SURFACE ( 'NONE', #1956, 6.032611434726271149, 0.1745329251988433639 ) ;
#1594 = CYLINDRICAL_SURFACE ( 'NONE', #493, 4.700000000000729372 ) ;
#1595 = CARTESIAN_POINT ( 'NONE',  ( 22.66147384798766851, 7.101408311031449649, 3.030509036602395234 ) ) ;
#1596 = AXIS2_PLACEMENT_3D ( 'NONE', #615, #1372, #758 ) ;
#1597 = CARTESIAN_POINT ( 'NONE',  ( 9.093203620635925688E-13, 0.000000000000000000, 0.000000000000000000 ) ) ;
#1598 = CIRCLE ( 'NONE', #1635, 4.700000000000729372 ) ;
#1599 = CLOSED_SHELL ( 'NONE', ( #179, #817, #416, #22, #1356, #893, #1549, #1407, #327, #560, #303, #1897, #1919, #355, #802, #652, #1235, #1949, #600, #319, #1861, #20, #882, #368, #1938, #766, #1077, #828, #982, #1263, #1710, #944, #1259, #29, #993, #1079, #1602, #798, #1320, #283, #715, #304, #531, #270, #918, #1835, #473, #800, #1167, #1164, #1683, #965, #1444, #1847, #1467, #599, #452, #1800, #392, #280, #589, #523, #1674, #1971, #1015 ) ) ;
#1600 = CARTESIAN_POINT ( 'NONE',  ( 12.33147822951963768, -1.165823827896137477, -7.526911299135396582 ) ) ;
#1601 = CARTESIAN_POINT ( 'NONE',  ( 12.17156649341750096, 0.5797629897117496656, -7.865273681822650964 ) ) ;
#1602 = ADVANCED_FACE ( 'NONE', ( #685 ), #748, .T. ) ;
#1603 = CARTESIAN_POINT ( 'NONE',  ( 12.55149243311085172, 4.757497809436011416, 5.453257359051967512 ) ) ;
#1605 = EDGE_LOOP ( 'NONE', ( #1059, #48, #1187, #945 ) ) ;
#1604 = EDGE_LOOP ( 'NONE', ( #1428, #1021 ) ) ;
#1606 = FACE_OUTER_BOUND ( 'NONE', #989, .T. ) ;
#1607 = EDGE_LOOP ( 'NONE', ( #777, #395, #97, #713 ) ) ;
#1608 = FACE_OUTER_BOUND ( 'NONE', #1010, .T. ) ;
#1609 = EDGE_CURVE ( 'NONE', #1769, #1022, #1375, .T. ) ;
#1610 = DIRECTION ( 'NONE',  ( -1.000000000000000000, 0.000000000000000000, 0.000000000000000000 ) ) ;
#1611 = EDGE_CURVE ( 'NONE', #1022, #489, #1555, .T. ) ;
#1612 = DIRECTION ( 'NONE',  ( 1.000000000000000000, 0.000000000000000000, 0.000000000000000000 ) ) ;
#1613 = EDGE_CURVE ( 'NONE', #1964, #943, #432, .T. ) ;
#1614 = DIRECTION ( 'NONE',  ( -1.000000000000000000, 3.122111992759364547E-16, 3.122111992759364547E-16 ) ) ;
#1615 = ORIENTED_EDGE ( 'NONE', *, *, #1170, .F. ) ;
#1616 = CARTESIAN_POINT ( 'NONE',  ( 3.102021344123509383, -4.149085639630976985, 5.804524289067152232 ) ) ;
#1617 = ORIENTED_EDGE ( 'NONE', *, *, #572, .F. ) ;
#1618 = ORIENTED_EDGE ( 'NONE', *, *, #180, .F. ) ;
#1619 = DIRECTION ( 'NONE',  ( 1.000000000000000000, -0.000000000000000000, 0.000000000000000000 ) ) ;
#1620 = AXIS2_PLACEMENT_3D ( 'NONE', #1634, #1612, #672 ) ;
#1621 = DIRECTION ( 'NONE',  ( 1.000000000000000000, -0.000000000000000000, -0.000000000000000000 ) ) ;
#1622 = CARTESIAN_POINT ( 'NONE',  ( 11.97831216351370287, -7.101408311031449649, 4.099999999999449862 ) ) ;
#1623 = DIRECTION ( 'NONE',  ( -1.000000000000000000, 0.000000000000000000, -0.000000000000000000 ) ) ;
#1625 = ORIENTED_EDGE ( 'NONE', *, *, #1910, .T. ) ;
#1624 = VERTEX_POINT ( 'NONE', #581 ) ;
#1626 = LINE ( 'NONE', #1481, #1140 ) ;
#1627 = ORIENTED_EDGE ( 'NONE', *, *, #1526, .T. ) ;
#1628 = ORIENTED_EDGE ( 'NONE', *, *, #742, .T. ) ;
#1629 = AXIS2_PLACEMENT_3D ( 'NONE', #1318, #1922, #222 ) ;
#1630 = DIRECTION ( 'NONE',  ( 1.000000000000000000, 0.000000000000000000, 0.000000000000000000 ) ) ;
#1631 = PRESENTATION_LAYER_ASSIGNMENT (  '', '', ( #622 ) ) ;
#1632 = DIRECTION ( 'NONE',  ( 0.000000000000000000, 0.000000000000000000, 1.000000000000000000 ) ) ;
#1633 = CONICAL_SURFACE ( 'NONE', #1182, 7.149999999999615774, 1.047197551197302623 ) ;
#1634 = CARTESIAN_POINT ( 'NONE',  ( 3.721687836487940437, 1.214306433183766859E-14, 1.214306433183766859E-14 ) ) ;
#1635 = AXIS2_PLACEMENT_3D ( 'NONE', #697, #1940, #1950 ) ;
#1636 = DIRECTION ( 'NONE',  ( 0.000000000000000000, 0.000000000000000000, 1.000000000000000000 ) ) ;
#1637 = LINE ( 'NONE', #1932, #751 ) ;
#1638 = ORIENTED_EDGE ( 'NONE', *, *, #47, .T. ) ;
#1639 = EDGE_CURVE ( 'NONE', #388, #797, #302, .T. ) ;
#1640 = VERTEX_POINT ( 'NONE', #292 ) ;
#1641 = LINE ( 'NONE', #522, #1216 ) ;
#1642 = CARTESIAN_POINT ( 'NONE',  ( 37.65895618282910817, 8.673617379884037444E-16, 8.673617379884037444E-16 ) ) ;
#1643 = CARTESIAN_POINT ( 'NONE',  ( 22.35273840018159675, 7.101408311031448761, -4.099999999999449862 ) ) ;
#1644 = EDGE_CURVE ( 'NONE', #1088, #566, #1057, .T. ) ;
#1645 = LINE ( 'NONE', #1194, #106 ) ;
#1646 = EDGE_LOOP ( 'NONE', ( #1319, #1092, #1756, #1592, #321, #1517, #120, #1287 ) ) ;
#1647 = EDGE_CURVE ( 'NONE', #107, #699, #104, .T. ) ;
#1648 = ORIENTED_EDGE ( 'NONE', *, *, #510, .T. ) ;
#1649 = DIRECTION ( 'NONE',  ( -1.000000000000000000, 0.000000000000000000, -0.000000000000000000 ) ) ;
#1650 = EDGE_CURVE ( 'NONE', #1880, #69, #285, .T. ) ;
#1651 = CARTESIAN_POINT ( 'NONE',  ( 9.092900044027630757E-13, 0.000000000000000000, 0.000000000000000000 ) ) ;
#1652 = VECTOR ( 'NONE', #271, 1000.000000000000000 ) ;
#1653 = LINE ( 'NONE', #1143, #1473 ) ;
#1654 = CARTESIAN_POINT ( 'NONE',  ( 22.95895618282929718, -4.271380920789979108, -5.733917075569385347 ) ) ;
#1655 = DIRECTION ( 'NONE',  ( -1.000000000000000000, 6.240012503514672680E-17, 6.240012503514672680E-17 ) ) ;
#1656 = VERTEX_POINT ( 'NONE', #1664 ) ;
#1657 = EDGE_LOOP ( 'NONE', ( #354, #545, #488 ) ) ;
#1658 = PLANE ( 'NONE',  #1440 ) ;
#1659 = CARTESIAN_POINT ( 'NONE',  ( 12.33147822951964478, -5.935584483135309952, 4.773088700862965439 ) ) ;
#1660 = CARTESIAN_POINT ( 'NONE',  ( 22.88417433814462498, 5.235173517354056116, 5.177471160500140890 ) ) ;
#1661 = AXIS2_PLACEMENT_3D ( 'NONE', #1500, #308, #1511 ) ;
#1662 = AXIS2_PLACEMENT_3D ( 'NONE', #328, #931, #4 ) ;
#1663 = DIRECTION ( 'NONE',  ( 0.000000000000000000, 1.000000000000000000, 0.000000000000000000 ) ) ;
#1664 = CARTESIAN_POINT ( 'NONE',  ( 11.97831216351369754, 9.861858250372229141E-16, -8.199999999998912159 ) ) ;
#1665 = EDGE_CURVE ( 'NONE', #1819, #1640, #1146, .T. ) ;
#1666 = VECTOR ( 'NONE', #1189, 1000.000000000000000 ) ;
#1667 = ORIENTED_EDGE ( 'NONE', *, *, #1823, .F. ) ;
#1668 = ORIENTED_EDGE ( 'NONE', *, *, #1232, .T. ) ;
#1669 = DIRECTION ( 'NONE',  ( 1.000000000000000000, -0.000000000000000000, -0.000000000000000000 ) ) ;
#1670 = CARTESIAN_POINT ( 'NONE',  ( 12.61280398261218316, -3.255617899350134348, -6.320368129430548265 ) ) ;
#1671 = FACE_OUTER_BOUND ( 'NONE', #396, .T. ) ;
#1672 = EDGE_CURVE ( 'NONE', #1782, #376, #1962, .T. ) ;
#1673 = CARTESIAN_POINT ( 'NONE',  ( 12.69999999999980034, 0.000000000000000000, 6.949999999999810996 ) ) ;
#1674 = ADVANCED_FACE ( 'NONE', ( #895, #1999 ), #1514, .T. ) ;
#1675 = EDGE_CURVE ( 'NONE', #1007, #1769, #204, .T. ) ;
#1676 = CARTESIAN_POINT ( 'NONE',  ( 22.95895618282929718, -4.271380920789974667, 5.733917075569380906 ) ) ;
#1677 = ORIENTED_EDGE ( 'NONE', *, *, #1700, .F. ) ;
#1678 = ORIENTED_EDGE ( 'NONE', *, *, #364, .T. ) ;
#1679 = CARTESIAN_POINT ( 'NONE',  ( 0.3999999999996361466, 4.336808689942017736E-16, 4.336808689942017736E-16 ) ) ;
#1680 = CARTESIAN_POINT ( 'NONE',  ( 12.33084293945863763, -1.163752626476311391, 7.528107107832677336 ) ) ;
#1681 = CARTESIAN_POINT ( 'NONE',  ( 22.35273840018158964, 7.101408311031448761, 4.099999999999449862 ) ) ;
#1682 = AXIS2_PLACEMENT_3D ( 'NONE', #1774, #1907, #1916 ) ;
#1683 = ADVANCED_FACE ( 'NONE', ( #1829 ), #1505, .T. ) ;
#1684 = DIRECTION ( 'NONE',  ( 0.000000000000000000, 0.000000000000000000, 1.000000000000000000 ) ) ;
#1685 = CARTESIAN_POINT ( 'NONE',  ( 22.88417433814462854, 5.235173517354045458, -5.177471160500147107 ) ) ;
#1686 = ORIENTED_EDGE ( 'NONE', *, *, #240, .T. ) ;
#1687 = CARTESIAN_POINT ( 'NONE',  ( 12.17156649341750807, 7.101408311031448761, -3.430547363646930137 ) ) ;
#1688 = FACE_OUTER_BOUND ( 'NONE', #1930, .T. ) ;
#1689 = APPLICATION_PROTOCOL_DEFINITION ( 'draft international standard', 'automotive_design', 1998, #925 ) ;
#1690 = CARTESIAN_POINT ( 'NONE',  ( 22.95895618282929362, 4.271380920789915159, 5.733917075569417321 ) ) ;
#1691 = CONICAL_SURFACE ( 'NONE', #1109, 8.199999999998951239, 1.047197551197019516 ) ;
#1692 = DIRECTION ( 'NONE',  ( 1.000000000000000000, 0.000000000000000000, 0.000000000000000000 ) ) ;
#1693 = AXIS2_PLACEMENT_3D ( 'NONE', #90, #253, #1632 ) ;
#1694 = LINE ( 'NONE', #1737, #1333 ) ;
#1695 = CIRCLE ( 'NONE', #686, 4.650000000000549250 ) ;
#1696 = VECTOR ( 'NONE', #1073, 1000.000000000000000 ) ;
#1697 = ORIENTED_EDGE ( 'NONE', *, *, #536, .F. ) ;
#1698 = CARTESIAN_POINT ( 'NONE',  ( 0.5000000000009129364, 0.000000000000000000, -6.949999999998910383 ) ) ;
#1699 = CARTESIAN_POINT ( 'NONE',  ( 22.35273840018159675, 7.101408311031448761, -4.099999999999449862 ) ) ;
#1700 = EDGE_CURVE ( 'NONE', #1865, #666, #79, .T. ) ;
#1701 = SURFACE_STYLE_FILL_AREA ( #938 ) ;
#1702 = CARTESIAN_POINT ( 'NONE',  ( 22.95895618282929718, 7.101408311031449649, 4.099999999999449862 ) ) ;
#1703 = CARTESIAN_POINT ( 'NONE',  ( 17.84395618282909979, 0.000000000000000000, 0.000000000000000000 ) ) ;
#1704 = CARTESIAN_POINT ( 'NONE',  ( 22.95895618282929718, 2.830027390241502960, 6.566082924428963352 ) ) ;
#1705 = ORIENTED_EDGE ( 'NONE', *, *, #750, .F. ) ;
#1706 = EDGE_CURVE ( 'NONE', #121, #471, #1396, .T. ) ;
#1707 = CARTESIAN_POINT ( 'NONE',  ( 3.087196017389101321, -3.255617899350144562, -6.320368129430543824 ) ) ;
#1708 = DIRECTION ( 'NONE',  ( 0.000000000000000000, 0.000000000000000000, -1.000000000000000000 ) ) ;
#1709 = DIRECTION ( 'NONE',  ( 1.000000000000000000, -0.000000000000000000, 0.000000000000000000 ) ) ;
#1710 = ADVANCED_FACE ( 'NONE', ( #1225 ), #1909, .T. ) ;
#1711 = DIRECTION ( 'NONE',  ( 0.000000000000000000, 0.8660254037844381525, 0.5000000000000009992 ) ) ;
#1712 = CARTESIAN_POINT ( 'NONE',  ( 37.65895618282910817, -6.350000000000360245, -6.477000000000368019 ) ) ;
#1713 = VERTEX_POINT ( 'NONE', #874 ) ;
#1714 = CARTESIAN_POINT ( 'NONE',  ( 3.528340145094341018, -7.101408311031450538, -3.430223949959721796 ) ) ;
#1715 = ORIENTED_EDGE ( 'NONE', *, *, #202, .T. ) ;
#1716 = VECTOR ( 'NONE', #934, 1000.000000000000000 ) ;
#1717 = COLOUR_RGB ( '',0.7490196078431372584, 0.7490196078431372584, 0.7490196078431372584 ) ;
#1718 = ORIENTED_EDGE ( 'NONE', *, *, #509, .T. ) ;
#1719 = CARTESIAN_POINT ( 'NONE',  ( 22.35273840018159675, -7.101408311031448761, 4.099999999999449862 ) ) ;
#1720 = DIRECTION ( 'NONE',  ( 0.000000000000000000, 0.000000000000000000, 1.000000000000000000 ) ) ;
#1721 = DIRECTION ( 'NONE',  ( -0.9848077530123103829, 0.000000000000000000, 0.1736481776663496845 ) ) ;
#1722 = ORIENTED_EDGE ( 'NONE', *, *, #1573, .T. ) ;
#1723 = FACE_OUTER_BOUND ( 'NONE', #207, .T. ) ;
#1724 = CIRCLE ( 'NONE', #1250, 5.556249999999650413 ) ;
#1725 = DIRECTION ( 'NONE',  ( 1.000000000000000000, -0.000000000000000000, 0.000000000000000000 ) ) ;
#1726 = ORIENTED_EDGE ( 'NONE', *, *, #366, .T. ) ;
#1727 = AXIS2_PLACEMENT_3D ( 'NONE', #41, #1329, #1160 ) ;
#1728 = PRODUCT_RELATED_PRODUCT_CATEGORY ( 'part', '', ( #834 ) ) ;
#1729 = VECTOR ( 'NONE', #1936, 1000.000000000000000 ) ;
#1730 = VERTEX_POINT ( 'NONE', #924 ) ;
#1731 = CARTESIAN_POINT ( 'NONE',  ( 22.95895618282929362, 4.271380920789915159, 5.733917075569417321 ) ) ;
#1732 = CARTESIAN_POINT ( 'NONE',  ( 17.84395618282909979, 0.000000000000000000, 0.000000000000000000 ) ) ;
#1733 = AXIS2_PLACEMENT_3D ( 'NONE', #1353, #122, #576 ) ;
#1734 = CARTESIAN_POINT ( 'NONE',  ( 3.721687836487940437, 1.214306433183766859E-14, -8.199999999998912159 ) ) ;
#1735 = CARTESIAN_POINT ( 'NONE',  ( 17.84395618282909979, -4.271380920789979108, 5.733917075569381794 ) ) ;
#1736 = EDGE_CURVE ( 'NONE', #83, #407, #826, .T. ) ;
#1737 = CARTESIAN_POINT ( 'NONE',  ( 0.3999999999996361466, 8.347526957150824067E-16, 3.275000000001000444 ) ) ;
#1738 = ORIENTED_EDGE ( 'NONE', *, *, #1973, .T. ) ;
#1739 = EDGE_CURVE ( 'NONE', #808, #1217, #1297, .T. ) ;
#1740 = EDGE_CURVE ( 'NONE', #1902, #83, #1404, .T. ) ;
#1741 = ORIENTED_EDGE ( 'NONE', *, *, #56, .F. ) ;
#1742 = DIRECTION ( 'NONE',  ( 1.000000000000000000, -0.000000000000000000, 0.000000000000000000 ) ) ;
#1743 = DIRECTION ( 'NONE',  ( 0.000000000000000000, 0.000000000000000000, 1.000000000000000000 ) ) ;
#1744 = CARTESIAN_POINT ( 'NONE',  ( 11.97831216351370287, 7.101408311031449649, -4.099999999999449862 ) ) ;
#1745 = PLANE ( 'NONE',  #70 ) ;
#1746 = DIRECTION ( 'NONE',  ( 1.000000000000000000, -0.000000000000000000, 0.000000000000000000 ) ) ;
#1747 = VERTEX_POINT ( 'NONE', #1433 ) ;
#1748 = ORIENTED_EDGE ( 'NONE', *, *, #84, .T. ) ;
#1749 = DIRECTION ( 'NONE',  ( -0.7071067811861956320, 0.000000000000000000, 0.7071067811868995134 ) ) ;
#1750 = CYLINDRICAL_SURFACE ( 'NONE', #340, 6.350000000000360245 ) ;
#1751 = DIRECTION ( 'NONE',  ( 0.000000000000000000, 0.000000000000000000, -1.000000000000000000 ) ) ;
#1752 = EDGE_CURVE ( 'NONE', #1418, #1944, #1879, .T. ) ;
#1753 = CARTESIAN_POINT ( 'NONE',  ( 22.95895618282929718, -2.830027390241489638, 6.566082924428969569 ) ) ;
#1754 = CARTESIAN_POINT ( 'NONE',  ( 15.54395618282929981, 0.000000000000000000, 0.000000000000000000 ) ) ;
#1755 = CARTESIAN_POINT ( 'NONE',  ( 13.16188021535160146, 2.090297077996110875E-15, -8.199999999998912159 ) ) ;
#1756 = ORIENTED_EDGE ( 'NONE', *, *, #1492, .T. ) ;
#1757 = EDGE_CURVE ( 'NONE', #1316, #797, #1427, .T. ) ;
#1758 = VECTOR ( 'NONE', #1343, 1000.000000000000000 ) ;
#1759 = DIRECTION ( 'NONE',  ( 1.000000000000000000, 0.000000000000000000, 0.000000000000000000 ) ) ;
#1760 = ORIENTED_EDGE ( 'NONE', *, *, #674, .T. ) ;
#1761 = CONICAL_SURFACE ( 'NONE', #112, 7.149999999999661959, 1.047197551197305287 ) ;
#1762 = DIRECTION ( 'NONE',  ( -7.381802025432076466E-16, -1.000000000000000000, 2.724550057133653936E-31 ) ) ;
#1763 = EDGE_CURVE ( 'NONE', #668, #474, #1694, .T. ) ;
#1764 = AXIS2_PLACEMENT_3D ( 'NONE', #829, #1590, #1798 ) ;
#1765 = CARTESIAN_POINT ( 'NONE',  ( 12.59797865587777643, 4.149085639630975209, -5.804524289067153120 ) ) ;
#1766 = CARTESIAN_POINT ( 'NONE',  ( 17.84395618282909979, 5.694607616035865373E-16, -4.650000000000549250 ) ) ;
#1767 = ORIENTED_EDGE ( 'NONE', *, *, #230, .F. ) ;
#1768 = DIRECTION ( 'NONE',  ( 0.000000000000000000, 0.8660254037844381525, -0.5000000000000008882 ) ) ;
#1769 = VERTEX_POINT ( 'NONE', #778 ) ;
#1770 = EDGE_LOOP ( 'NONE', ( #1760, #504, #498 ) ) ;
#1771 = ORIENTED_EDGE ( 'NONE', *, *, #1815, .F. ) ;
#1772 = CARTESIAN_POINT ( 'NONE',  ( 22.95895618282929718, 1.084202172485504434E-14, -1.176359357146772311E-14 ) ) ;
#1773 = CARTESIAN_POINT ( 'NONE',  ( 22.95895618282929718, 0.000000000000000000, -8.199999999998912159 ) ) ;
#1774 = CARTESIAN_POINT ( 'NONE',  ( 22.95895618282929718, 7.101408311031449649, -4.099999999999449862 ) ) ;
#1775 = DIRECTION ( 'NONE',  ( 0.000000000000000000, 0.000000000000000000, -1.000000000000000000 ) ) ;
#1776 = ORIENTED_EDGE ( 'NONE', *, *, #1385, .T. ) ;
#1777 = ORIENTED_EDGE ( 'NONE', *, *, #1380, .T. ) ;
#1778 = B_SPLINE_CURVE_WITH_KNOTS ( 'NONE', 3,
 ( #193, #940, #201, #813 ),
 .UNSPECIFIED., .F., .F.,
 ( 4, 4 ),
 ( 2.280435705745241883E-17, 0.003323588428093156993 ),
 .UNSPECIFIED. ) ;
#1779 = DIRECTION ( 'NONE',  ( 0.000000000000000000, 0.8660254037844392627, -0.4999999999999989453 ) ) ;
#1780 = AXIS2_PLACEMENT_3D ( 'NONE', #1818, #1838, #413 ) ;
#1781 = ORIENTED_EDGE ( 'NONE', *, *, #2005, .T. ) ;
#1782 = VERTEX_POINT ( 'NONE', #796 ) ;
#1783 = DIRECTION ( 'NONE',  ( 0.000000000000000000, 0.000000000000000000, 1.000000000000000000 ) ) ;
#1784 =( NAMED_UNIT ( * ) PLANE_ANGLE_UNIT ( ) SI_UNIT ( $, .RADIAN. ) );
#1785 = DIRECTION ( 'NONE',  ( -1.000000000000000000, 0.000000000000000000, 0.000000000000000000 ) ) ;
#1786 = FACE_OUTER_BOUND ( 'NONE', #275, .T. ) ;
#1787 = EDGE_CURVE ( 'NONE', #1219, #86, #1004, .T. ) ;
#1788 = ORIENTED_EDGE ( 'NONE', *, *, #867, .F. ) ;
#1789 = ORIENTED_EDGE ( 'NONE', *, *, #1295, .F. ) ;
#1790 = DIRECTION ( 'NONE',  ( -1.000000000000000000, 0.000000000000000000, 0.000000000000000000 ) ) ;
#1791 = ORIENTED_EDGE ( 'NONE', *, *, #1310, .T. ) ;
#1792 = EDGE_LOOP ( 'NONE', ( #640, #1227, #789 ) ) ;
#1793 = AXIS2_PLACEMENT_3D ( 'NONE', #835, #601, #2004 ) ;
#1794 = CARTESIAN_POINT ( 'NONE',  ( 22.35273840018159675, 7.101408311031448761, -4.099999999999449862 ) ) ;
#1795 = CIRCLE ( 'NONE', #915, 2.413000000000470102 ) ;
#1796 = DIRECTION ( 'NONE',  ( 1.000000000000000000, -0.000000000000000000, -0.000000000000000000 ) ) ;
#1797 =( LENGTH_UNIT ( ) NAMED_UNIT ( * ) SI_UNIT ( .MILLI., .METRE. ) );
#1798 = DIRECTION ( 'NONE',  ( 1.146924612215864002E-15, 0.000000000000000000, -1.000000000000000000 ) ) ;
#1799 = EDGE_CURVE ( 'NONE', #1515, #415, #673, .T. ) ;
#1800 = ADVANCED_FACE ( 'NONE', ( #963 ), #873, .F. ) ;
#1801 = DIRECTION ( 'NONE',  ( -0.000000000000000000, -0.000000000000000000, 1.000000000000000000 ) ) ;
#1802 = ORIENTED_EDGE ( 'NONE', *, *, #1542, .T. ) ;
#1803 = VERTEX_POINT ( 'NONE', #314 ) ;
#1804 = CARTESIAN_POINT ( 'NONE',  ( 22.95895618282929718, -7.101408311031449649, 0.8321658488595756742 ) ) ;
#1805 = CARTESIAN_POINT ( 'NONE',  ( 11.97831216351369754, -9.614813431917817849E-17, 8.199999999998912159 ) ) ;
#1806 = CARTESIAN_POINT ( 'NONE',  ( 22.95895618282929718, -4.271380920789974667, 5.733917075569380906 ) ) ;
#1807 = DIRECTION ( 'NONE',  ( 0.000000000000000000, 0.000000000000000000, 1.000000000000000000 ) ) ;
#1808 = DIRECTION ( 'NONE',  ( -1.000000000000000000, 6.240012503514672680E-17, 6.240012503514672680E-17 ) ) ;
#1809 = EDGE_LOOP ( 'NONE', ( #955, #1508, #233, #1480, #1317, #149, #1379, #552, #28, #1300, #1767, #44, #455 ) ) ;
#1810 = EDGE_LOOP ( 'NONE', ( #1870, #638, #1705, #445, #553, #1848 ) ) ;
#1811 = PLANE ( 'NONE',  #1567 ) ;
#1812 = CARTESIAN_POINT ( 'NONE',  ( 3.102021344123502278, 7.101408311031450538, 0.6909514218640573358 ) ) ;
#1813 = AXIS2_PLACEMENT_3D ( 'NONE', #1578, #195, #807 ) ;
#1814 = CARTESIAN_POINT ( 'NONE',  ( 3.721687836487920897, 7.101408311031450538, 4.099999999999455191 ) ) ;
#1815 = EDGE_CURVE ( 'NONE', #511, #1217, #1846, .T. ) ;
#1816 = B_SPLINE_CURVE_WITH_KNOTS ( 'NONE', 3,
 ( #12, #631, #639, #1400 ),
 .UNSPECIFIED., .F., .F.,
 ( 4, 4 ),
 ( 3.469446951953613804E-18, 0.003323588428093151789 ),
 .UNSPECIFIED. ) ;
#1817 = DIRECTION ( 'NONE',  ( 1.000000000000000000, -0.000000000000000000, 0.000000000000000000 ) ) ;
#1818 = CARTESIAN_POINT ( 'NONE',  ( 46.15895618282910817, 0.000000000000000000, 0.000000000000000000 ) ) ;
#1819 = VERTEX_POINT ( 'NONE', #497 ) ;
#1820 = VERTEX_POINT ( 'NONE', #176 ) ;
#1821 = DIRECTION ( 'NONE',  ( 0.000000000000000000, 0.000000000000000000, -1.000000000000000000 ) ) ;
#1822 = CARTESIAN_POINT ( 'NONE',  ( 11.97831216351370287, -7.101408311031449649, 4.099999999999449862 ) ) ;
#1823 = EDGE_CURVE ( 'NONE', #1964, #1624, #1461, .T. ) ;
#1824 = CONICAL_SURFACE ( 'NONE', #946, 8.199999999998922817, 1.047197551197019516 ) ;
#1825 = DIRECTION ( 'NONE',  ( 1.000000000000000000, -0.000000000000000000, 0.000000000000000000 ) ) ;
#1826 = CIRCLE ( 'NONE', #1661, 2.412999999999559275 ) ;
#1827 = CIRCLE ( 'NONE', #144, 7.149999999999661959 ) ;
#1828 = DIRECTION ( 'NONE',  ( 0.000000000000000000, 0.000000000000000000, -1.000000000000000000 ) ) ;
#1829 = FACE_OUTER_BOUND ( 'NONE', #1582, .T. ) ;
#1830 = CONICAL_SURFACE ( 'NONE', #951, 6.032611434726271149, 0.1745329251988433639 ) ;
#1831 = ORIENTED_EDGE ( 'NONE', *, *, #1787, .F. ) ;
#1832 = ORIENTED_EDGE ( 'NONE', *, *, #1516, .F. ) ;
#1833 = DIRECTION ( 'NONE',  ( 1.146924612215864002E-15, 0.000000000000000000, -1.000000000000000000 ) ) ;
#1834 = DIRECTION ( 'NONE',  ( 0.000000000000000000, 0.000000000000000000, 1.000000000000000000 ) ) ;
#1835 = ADVANCED_FACE ( 'NONE', ( #1106, #345 ), #16, .T. ) ;
#1836 = CARTESIAN_POINT ( 'NONE',  ( 3.721687836487927559, -3.979161435700515282E-16, 8.199999999998913935 ) ) ;
#1837 = CYLINDRICAL_SURFACE ( 'NONE', #688, 4.650000000000549250 ) ;
#1838 = DIRECTION ( 'NONE',  ( -1.000000000000000000, 0.000000000000000000, -0.000000000000000000 ) ) ;
#1839 = ORIENTED_EDGE ( 'NONE', *, *, #1815, .T. ) ;
#1840 = LINE ( 'NONE', #1207, #1666 ) ;
#1841 = CARTESIAN_POINT ( 'NONE',  ( 3.148507566890456744, 7.101408311031447873, -1.393485281894453642 ) ) ;
#1842 = DIRECTION ( 'NONE',  ( -1.000000000000000000, 0.000000000000000000, -0.000000000000000000 ) ) ;
#1843 = CIRCLE ( 'NONE', #95, 5.556249999999631761 ) ;
#1844 = DIRECTION ( 'NONE',  ( -1.000000000000000000, 0.000000000000000000, 0.000000000000000000 ) ) ;
#1845 = CARTESIAN_POINT ( 'NONE',  ( 3.721687836487939993, -7.101408311031450538, -4.099999999999455191 ) ) ;
#1846 = B_SPLINE_CURVE_WITH_KNOTS ( 'NONE', 3,
 ( #657, #1417, #627, #954 ),
 .UNSPECIFIED., .F., .F.,
 ( 4, 4 ),
 ( 8.553523741428393342E-18, 0.003323588428093096278 ),
 .UNSPECIFIED. ) ;
#1847 = ADVANCED_FACE ( 'NONE', ( #1118 ), #353, .T. ) ;
#1848 = ORIENTED_EDGE ( 'NONE', *, *, #953, .F. ) ;
#1849 = DIRECTION ( 'NONE',  ( -1.000000000000000000, 0.000000000000000000, 0.000000000000000000 ) ) ;
#1850 = B_SPLINE_CURVE_WITH_KNOTS ( 'NONE', 3,
 ( #224, #1023, #992, #54 ),
 .UNSPECIFIED., .F., .F.,
 ( 4, 4 ),
 ( 2.552461535458947107E-17, 0.003323588428093155692 ),
 .UNSPECIFIED. ) ;
#1851 = CARTESIAN_POINT ( 'NONE',  ( 3.087862343602673754, -2.940169276975279189, 6.502492476474165173 ) ) ;
#1852 = AXIS2_PLACEMENT_3D ( 'NONE', #1732, #960, #1743 ) ;
#1853 = CARTESIAN_POINT ( 'NONE',  ( 22.66147384798767206, 6.175201967611694265, 4.634745481697986058 ) ) ;
#1854 = VECTOR ( 'NONE', #1173, 1000.000000000000000 ) ;
#1855 = CARTESIAN_POINT ( 'NONE',  ( 46.45895618282930428, -1.720299167190193221E-14, -4.700000000000747136 ) ) ;
#1856 = AXIS2_PLACEMENT_3D ( 'NONE', #1541, #1842, #1386 ) ;
#1857 = VERTEX_POINT ( 'NONE', #35 ) ;
#1858 = PLANE ( 'NONE',  #1682 ) ;
#1859 = CIRCLE ( 'NONE', #1410, 6.350000000000360245 ) ;
#1860 = AXIS2_PLACEMENT_3D ( 'NONE', #1495, #101, #570 ) ;
#1861 = ADVANCED_FACE ( 'NONE', ( #1245 ), #1858, .T. ) ;
#1862 = ORIENTED_EDGE ( 'NONE', *, *, #1644, .F. ) ;
#1863 = DIRECTION ( 'NONE',  ( 0.4999999999998789857, 0.000000000000000000, -0.8660254037845086517 ) ) ;
#1864 = DIRECTION ( 'NONE',  ( 0.000000000000000000, 0.000000000000000000, -1.000000000000000000 ) ) ;
#1865 = VERTEX_POINT ( 'NONE', #361 ) ;
#1866 = CARTESIAN_POINT ( 'NONE',  ( 46.15895618282910817, 0.000000000000000000, 0.000000000000000000 ) ) ;
#1867 = SURFACE_SIDE_STYLE ('',( #635 ) ) ;
#1868 = CARTESIAN_POINT ( 'NONE',  ( 22.35273840018159319, 1.926840439565769432E-15, 8.199999999998912159 ) ) ;
#1869 = ORIENTED_EDGE ( 'NONE', *, *, #1948, .F. ) ;
#1870 = ORIENTED_EDGE ( 'NONE', *, *, #1787, .T. ) ;
#1871 = CARTESIAN_POINT ( 'NONE',  ( 3.528433506584033541, -6.521645321319716082, -4.434726318175710169 ) ) ;
#1872 = ORIENTED_EDGE ( 'NONE', *, *, #1585, .T. ) ;
#1873 = CARTESIAN_POINT ( 'NONE',  ( 46.15895618282910817, 0.000000000000000000, 0.000000000000000000 ) ) ;
#1874 = EDGE_CURVE ( 'NONE', #566, #1195, #2006, .T. ) ;
#1875 = FACE_OUTER_BOUND ( 'NONE', #605, .T. ) ;
#1876 = B_SPLINE_CURVE_WITH_KNOTS ( 'NONE', 3,
 ( #1794, #1332, #1957, #1484 ),
 .UNSPECIFIED., .F., .F.,
 ( 4, 4 ),
 ( 1.734723475976807094E-18, 0.003323588428093100615 ),
 .UNSPECIFIED. ) ;
#1877 = DIRECTION ( 'NONE',  ( 0.000000000000000000, 0.000000000000000000, -1.000000000000000000 ) ) ;
#1878 = ORIENTED_EDGE ( 'NONE', *, *, #677, .T. ) ;
#1879 = CIRCLE ( 'NONE', #642, 3.674999999998360245 ) ;
#1880 = VERTEX_POINT ( 'NONE', #1145 ) ;
#1881 = CARTESIAN_POINT ( 'NONE',  ( 3.087862343602689297, -4.161239034056171349, -5.797507523524203954 ) ) ;
#1882 = CARTESIAN_POINT ( 'NONE',  ( 22.88417433814462854, 7.101408311031449649, 1.945057678998064921 ) ) ;
#1883 = CARTESIAN_POINT ( 'NONE',  ( 18.45017396547719812, -3.079134169858832593E-14, -1.799775606325937360E-14 ) ) ;
#1884 = EDGE_CURVE ( 'NONE', #699, #69, #970, .T. ) ;
#1885 = EDGE_CURVE ( 'NONE', #337, #619, #1035, .T. ) ;
#1886 = CARTESIAN_POINT ( 'NONE',  ( 0.5000000000009129364, 0.000000000000000000, 0.000000000000000000 ) ) ;
#1887 = CIRCLE ( 'NONE', #1727, 4.650000000000549250 ) ;
#1888 = CARTESIAN_POINT ( 'NONE',  ( 7.850000000000488143, -7.101408311031449649, 4.099999999999449862 ) ) ;
#1889 = ORIENTED_EDGE ( 'NONE', *, *, #1639, .F. ) ;
#1890 =( GEOMETRIC_REPRESENTATION_CONTEXT ( 3 ) GLOBAL_UNCERTAINTY_ASSIGNED_CONTEXT ( ( #1026 ) ) GLOBAL_UNIT_ASSIGNED_CONTEXT ( ( #1117, #1784, #846 ) ) REPRESENTATION_CONTEXT ( 'NONE', 'WORKASPACE' ) );
#1891 = ORIENTED_EDGE ( 'NONE', *, *, #750, .T. ) ;
#1892 = AXIS2_PLACEMENT_3D ( 'NONE', #1364, #1825, #439 ) ;
#1893 = FACE_OUTER_BOUND ( 'NONE', #1770, .T. ) ;
#1894 = ORIENTED_EDGE ( 'NONE', *, *, #544, .F. ) ;
#1895 = VECTOR ( 'NONE', #1348, 1000.000000000000000 ) ;
#1896 = LINE ( 'NONE', #505, #281 ) ;
#1897 = ADVANCED_FACE ( 'NONE', ( #860 ), #1132, .T. ) ;
#1898 = CARTESIAN_POINT ( 'NONE',  ( 11.97831216351370287, -7.101408311031449649, 4.099999999999449862 ) ) ;
#1899 = DIRECTION ( 'NONE',  ( 0.000000000000000000, 0.000000000000000000, 1.000000000000000000 ) ) ;
#1900 = ORIENTED_EDGE ( 'NONE', *, *, #719, .F. ) ;
#1901 = PRODUCT_DEFINITION ( 'UNKNOWN', '', #551, #1494 ) ;
#1902 = VERTEX_POINT ( 'NONE', #1622 ) ;
#1903 = CARTESIAN_POINT ( 'NONE',  ( 3.202759850979657319, -5.046998875482032965, 5.286113840639614203 ) ) ;
#1904 = ORIENTED_EDGE ( 'NONE', *, *, #1675, .T. ) ;
#1905 = FACE_OUTER_BOUND ( 'NONE', #1945, .T. ) ;
#1906 = DIRECTION ( 'NONE',  ( 0.000000000000000000, 0.000000000000000000, -1.000000000000000000 ) ) ;
#1907 = DIRECTION ( 'NONE',  ( 0.000000000000000000, 0.5000000000000009992, -0.8660254037844381525 ) ) ;
#1908 = CARTESIAN_POINT ( 'NONE',  ( 37.65895618282910817, 0.000000000000000000, 0.000000000000000000 ) ) ;
#1909 = CONICAL_SURFACE ( 'NONE', #904, 8.199999999998910383, 1.047197551197019516 ) ;
#1910 = EDGE_CURVE ( 'NONE', #1149, #1624, #848, .T. ) ;
#1911 = ORIENTED_EDGE ( 'NONE', *, *, #180, .T. ) ;
#1912 = CARTESIAN_POINT ( 'NONE',  ( 3.159832610356895000, -4.749035399421585701, 5.458143133751790721 ) ) ;
#1913 = ORIENTED_EDGE ( 'NONE', *, *, #1884, .F. ) ;
#1914 = CARTESIAN_POINT ( 'NONE',  ( 22.95895618282929718, 0.000000000000000000, 0.000000000000000000 ) ) ;
#1915 = DIRECTION ( 'NONE',  ( -0.9848077530123103829, 2.126576849568660457E-17, -0.1736481776663496845 ) ) ;
#1916 = DIRECTION ( 'NONE',  ( 0.000000000000000000, -0.8660254037844381525, -0.5000000000000009992 ) ) ;
#1917 = CIRCLE ( 'NONE', #103, 0.4999999999999995559 ) ;
#1918 = CARTESIAN_POINT ( 'NONE',  ( 14.03770618282990235, -2.708000484234200675E-31, -2.708000484234200675E-31 ) ) ;
#1919 = ADVANCED_FACE ( 'NONE', ( #1125 ), #265, .F. ) ;
#1920 = ORIENTED_EDGE ( 'NONE', *, *, #2008, .T. ) ;
#1921 = AXIS2_PLACEMENT_3D ( 'NONE', #1712, #173, #962 ) ;
#1922 = DIRECTION ( 'NONE',  ( -1.000000000000000000, 0.000000000000000000, -0.000000000000000000 ) ) ;
#1923 = EDGE_CURVE ( 'NONE', #1360, #1944, #1168, .T. ) ;
#1924 = ORIENTED_EDGE ( 'NONE', *, *, #1639, .T. ) ;
#1925 = CIRCLE ( 'NONE', #884, 4.700000000000729372 ) ;
#1926 = DIRECTION ( 'NONE',  ( 0.000000000000000000, 0.000000000000000000, -1.000000000000000000 ) ) ;
#1927 = LINE ( 'NONE', #261, #1729 ) ;
#1928 = DIRECTION ( 'NONE',  ( 1.000000000000000000, -0.000000000000000000, 0.000000000000000000 ) ) ;
#1929 = FACE_OUTER_BOUND ( 'NONE', #964, .T. ) ;
#1930 = EDGE_LOOP ( 'NONE', ( #200, #1030, #480, #188, #1331, #2000 ) ) ;
#1931 = ORIENTED_EDGE ( 'NONE', *, *, #154, .T. ) ;
#1932 = CARTESIAN_POINT ( 'NONE',  ( 22.95895618282929718, -4.271380920789990654, -5.733917075569378241 ) ) ;
#1933 = VERTEX_POINT ( 'NONE', #91 ) ;
#1934 = ORIENTED_EDGE ( 'NONE', *, *, #1740, .T. ) ;
#1935 = CARTESIAN_POINT ( 'NONE',  ( 18.45017396547719812, -3.035766082959412415E-15, 4.011548038196366406E-15 ) ) ;
#1936 = DIRECTION ( 'NONE',  ( -1.000000000000000000, 0.000000000000000000, 0.000000000000000000 ) ) ;
#1937 = DIRECTION ( 'NONE',  ( 1.000000000000000000, 0.000000000000000000, 0.000000000000000000 ) ) ;
#1938 = ADVANCED_FACE ( 'NONE', ( #665 ), #1979, .T. ) ;
#1939 = UNCERTAINTY_MEASURE_WITH_UNIT (LENGTH_MEASURE( 1.000000000000000082E-05 ), #1797, 'distance_accuracy_value', 'NONE');
#1940 = DIRECTION ( 'NONE',  ( -1.000000000000000000, 7.381802025432073508E-16, 7.381802025432073508E-16 ) ) ;
#1941 = EDGE_LOOP ( 'NONE', ( #1391, #1136 ) ) ;
#1942 = DIRECTION ( 'NONE',  ( 3.122111992759364547E-16, 0.000000000000000000, 1.000000000000000000 ) ) ;
#1943 = CIRCLE ( 'NONE', #1066, 7.149999999999616662 ) ;
#1944 = VERTEX_POINT ( 'NONE', #1293 ) ;
#1945 = EDGE_LOOP ( 'NONE', ( #1891, #1126, #324, #1268 ) ) ;
#1946 = CARTESIAN_POINT ( 'NONE',  ( 15.54395618282929981, 0.000000000000000000, -2.412999999999559275 ) ) ;
#1947 = LINE ( 'NONE', #1166, #208 ) ;
#1948 = EDGE_CURVE ( 'NONE', #471, #286, #1943, .T. ) ;
#1949 = ADVANCED_FACE ( 'NONE', ( #516 ), #517, .F. ) ;
#1950 = DIRECTION ( 'NONE',  ( -7.381802025432076466E-16, -1.000000000000000000, 2.724550057133653936E-31 ) ) ;
#1951 = CARTESIAN_POINT ( 'NONE',  ( 22.95895618282929718, -7.101408311031449649, -4.099999999999460520 ) ) ;
#1952 = TOROIDAL_SURFACE ( 'NONE', #1076, 6.050000000001090505, 0.2999999999992828403 ) ;
#1953 = ORIENTED_EDGE ( 'NONE', *, *, #1042, .F. ) ;
#1954 = ORIENTED_EDGE ( 'NONE', *, *, #1103, .F. ) ;
#1955 = ORIENTED_EDGE ( 'NONE', *, *, #1672, .F. ) ;
#1956 = AXIS2_PLACEMENT_3D ( 'NONE', #1642, #99, #716 ) ;
#1957 = CARTESIAN_POINT ( 'NONE',  ( 22.88417433814462498, 7.101408311031449649, -1.945057678998063144 ) ) ;
#1958 = AXIS2_PLACEMENT_3D ( 'NONE', #1460, #1322, #557 ) ;
#1959 = CARTESIAN_POINT ( 'NONE',  ( 14.03770618282990057, 6.804443777762027541E-16, -5.556249999999631761 ) ) ;
#1960 = VECTOR ( 'NONE', #922, 1000.000000000000114 ) ;
#1961 = APPLICATION_PROTOCOL_DEFINITION ( 'draft international standard', 'automotive_design', 1998, #1387 ) ;
#1962 = LINE ( 'NONE', #422, #1652 ) ;
#1963 = DIRECTION ( 'NONE',  ( 6.240012503514672680E-17, 0.000000000000000000, 1.000000000000000000 ) ) ;
#1964 = VERTEX_POINT ( 'NONE', #238 ) ;
#1965 = EDGE_CURVE ( 'NONE', #1656, #926, #1388, .T. ) ;
#1966 = ORIENTED_EDGE ( 'NONE', *, *, #443, .F. ) ;
#1967 = CARTESIAN_POINT ( 'NONE',  ( 46.45895618282929718, 9.313197073029081993E-16, 6.050000000001090505 ) ) ;
#1968 = DIRECTION ( 'NONE',  ( 1.000000000000000000, -0.000000000000000000, -0.000000000000000000 ) ) ;
#1969 = CARTESIAN_POINT ( 'NONE',  ( 3.202759850979650658, 2.054409435549417129, 7.013886159358746930 ) ) ;
#1970 = CARTESIAN_POINT ( 'NONE',  ( 22.95895618282929718, 4.271380920789969338, -5.733917075569385347 ) ) ;
#1971 = ADVANCED_FACE ( 'NONE', ( #538 ), #1156, .F. ) ;
#1972 = DIRECTION ( 'NONE',  ( 0.000000000000000000, 0.000000000000000000, -1.000000000000000000 ) ) ;
#1973 = EDGE_CURVE ( 'NONE', #1713, #856, #709, .T. ) ;
#1974 = ORIENTED_EDGE ( 'NONE', *, *, #1466, .F. ) ;
#1975 = EDGE_CURVE ( 'NONE', #1298, #897, #1366, .T. ) ;
#1976 = ORIENTED_EDGE ( 'NONE', *, *, #719, .T. ) ;
#1977 = CARTESIAN_POINT ( 'NONE',  ( 17.84395618282909979, 0.000000000000000000, 4.650000000000549250 ) ) ;
#1978 = LINE ( 'NONE', #596, #175 ) ;
#1979 = CONICAL_SURFACE ( 'NONE', #394, 7.149999999999645972, 1.047197551197305954 ) ;
#1980 = CARTESIAN_POINT ( 'NONE',  ( 22.35273840018159319, 4.322895163554012911E-16, -8.199999999998912159 ) ) ;
#1981 = CARTESIAN_POINT ( 'NONE',  ( 0.5000000000009129364, 8.511295254072769285E-16, 6.949999999998910383 ) ) ;
#1982 = DIRECTION ( 'NONE',  ( 0.000000000000000000, 0.000000000000000000, 1.000000000000000000 ) ) ;
#1983 = EDGE_LOOP ( 'NONE', ( #1308, #157 ) ) ;
#1984 = VERTEX_POINT ( 'NONE', #1071 ) ;
#1985 = CARTESIAN_POINT ( 'NONE',  ( 12.55149243311085350, 7.101408311031449649, -1.393485281894422334 ) ) ;
#1986 = DIRECTION ( 'NONE',  ( -1.000000000000000000, 0.000000000000000000, 1.061366421748642510E-15 ) ) ;
#1987 = FACE_OUTER_BOUND ( 'NONE', #662, .T. ) ;
#1988 = CIRCLE ( 'NONE', #1793, 7.149999999999617550 ) ;
#1989 = CARTESIAN_POINT ( 'NONE',  ( 17.91873802751382172, -1.866234793677377990, 7.122528839498230013 ) ) ;
#1990 = CARTESIAN_POINT ( 'NONE',  ( 35.85895618282940234, 7.776507174586134911E-16, -6.350000000000360245 ) ) ;
#1991 = AXIS2_PLACEMENT_3D ( 'NONE', #1135, #239, #1315 ) ;
#1992 = EDGE_LOOP ( 'NONE', ( #687, #1038, #1205 ) ) ;
#1993 = FACE_BOUND ( 'NONE', #1409, .T. ) ;
#1994 = CARTESIAN_POINT ( 'NONE',  ( 46.15895618282911528, 3.440773836639453724E-16, 0.000000000000000000 ) ) ;
#1995 = DIRECTION ( 'NONE',  ( 0.000000000000000000, -1.000000000000000000, -1.324216393875020804E-16 ) ) ;
#1996 = LINE ( 'NONE', #430, #1376 ) ;
#1997 = EDGE_CURVE ( 'NONE', #415, #1515, #1843, .T. ) ;
#1998 = DIRECTION ( 'NONE',  ( -1.000000000000000000, 0.000000000000000000, -0.000000000000000000 ) ) ;
#1999 = FACE_OUTER_BOUND ( 'NONE', #398, .T. ) ;
#2000 = ORIENTED_EDGE ( 'NONE', *, *, #189, .F. ) ;
#2001 = CARTESIAN_POINT ( 'NONE',  ( 22.66147384798767561, -7.101408311031449649, 3.030509036602393902 ) ) ;
#2002 = CARTESIAN_POINT ( 'NONE',  ( 3.721687836487927559, -3.979161435700515282E-16, 8.199999999998913935 ) ) ;
#2003 = DIRECTION ( 'NONE',  ( 0.000000000000000000, 0.000000000000000000, 1.000000000000000000 ) ) ;
#2004 = DIRECTION ( 'NONE',  ( 0.000000000000000000, 0.000000000000000000, -1.000000000000000000 ) ) ;
#2005 = EDGE_CURVE ( 'NONE', #666, #1058, #837, .T. ) ;
#2006 = CIRCLE ( 'NONE', #1554, 6.350000000000360245 ) ;
#2007 = CARTESIAN_POINT ( 'NONE',  ( 37.65895618282910817, 8.673617379884037444E-16, 8.673617379884037444E-16 ) ) ;
#2008 = EDGE_CURVE ( 'NONE', #1360, #668, #1302, .T. ) ;
#2009 = EDGE_CURVE ( 'NONE', #1419, #1558, #872, .T. ) ;
#2010 = CARTESIAN_POINT ( 'NONE',  ( 3.000000000000910827, -1.353087022529465942E-32, -1.353087022529465942E-32 ) ) ;
ENDSEC;
END-ISO-10303-21;
